,number,id,link,title,address,price,company_link,company_name
0,1,210539735,https://www.moyareklama.by/single/ad/210539735,Помещение под производство от 40 до 450 м²,"Советский р-н, ул. Войсковая, д. 7",,None,Собственник
1,2,210539732,https://www.moyareklama.by/single/ad/210539732,Помещение под офис от 11 до 70 м²,"Советский р-н, ул. Сосновая, д. 18",,None,Собственник
2,3,210539733,https://www.moyareklama.by/single/ad/210539733,Помещение под склад от 30 до 500 м²,"Советский р-н, ул. Войсковая, д. 7",,None,Собственник
3,4,210711084,https://www.moyareklama.by/single/ad/210711084,Помещение под офис от 10 до 200 м²,"Гомельский р-н, аг. Еремино, ул. Сурганова, д. 15/3",,None,Собственник
4,5,210757915,https://www.moyareklama.by/single/ad/210757915,Помещение от 10 до 255 м²,"Новобелицкий р-н, г. Гомель, ул. Достоевского, д. 1-1 (Бизнес-центр ""Белица-Сити"")","от 52 р./мес. 5,20  р./м²/мес.",None,Собственник
5,6,210818214,https://www.moyareklama.by/single/ad/210818214,"Помещение под офисы, торговлю, склад от 10,8 до 124,5 м²","Центральный р-н, г. Гомель, ул. Советская, д. 29 (Дом профсоюзов. Центр города)",,None,Собственник
6,7,210818255,https://www.moyareklama.by/single/ad/210818255,"Помещение для торговли, услуг и др. 64 м²","Железнодорожный р-н, г. Гомель, ул. Свиридова, д. 13",,None,Собственник
7,8,210819216,https://www.moyareklama.by/single/ad/210819216,Помещение для торговли 99 м²,"Железнодорожный р-н, г. Гомель, ул. Советская, д. 97",,None,Собственник
8,9,210839689,https://www.moyareklama.by/single/ad/210839689,"Помещение 33,7 м²","Советский р-н, ул. Барыкина, д. 100",,None,Собственник
9,10,210843130,https://www.moyareklama.by/single/ad/210843130,Помещение для торговли 90 м²,"Железнодорожный р-н, ул. 8-я Иногородняя, д. 16А",630 р./мес. 7  р./м²/мес.,None,Собственник
10,11,210847962,https://www.moyareklama.by/single/ad/210847962,Помещение от 10 до 30 м²,"Советский р-н, ул. Барыкина, д. 275 (Первая линия!)",,None,Собственник
11,12,210849954,https://www.moyareklama.by/single/ad/210849954,Помещение от 10 до 200 м²,"Новобелицкий р-н, ул. 2-я Орудийная, д. 15а (остановочный комплекс Кристалл)",,None,Собственник
12,13,210851137,https://www.moyareklama.by/single/ad/210851137,"Помещение административно-торговое 88,8 м²","Железнодорожный р-н, г. Гомель, ул. Привокзальная, д. 2 (рядом магазин Росинка)",,None,Собственник
13,14,210852041,https://www.moyareklama.by/single/ad/210852041,Помещение (состоит из 2-х помещений) 65 м²,"Центральный р-н, ул. Советская, д. 83 (ост. Университет им. Ф.Скорины)",,None,Собственник
14,15,210855216,https://www.moyareklama.by/single/ad/210855216,"Помещение свободного назначения 72,6 м²","Советский р-н, ул. Минская, д. 44",,None,Собственник
15,16,210856529,https://www.moyareklama.by/single/ad/210856529,Помещение свободного назначения 39 м²,"г.Жлобин, г. Жлобин, ул. Первомайская, д. 75-2","1 000 р./мес. 25,64  р./м²/мес.",None,Собственник
16,17,210860434,https://www.moyareklama.by/single/ad/210860434,Помещение для торговли 110 м²,"Железнодорожный р-н, ул. Б. Царикова, д. 20а",,None,Собственник
17,18,210860435,https://www.moyareklama.by/single/ad/210860435,Помещение под общепит 154 м²,"Железнодорожный р-н, ул. Б.Царикова, д. 20а (ДК Гомсельмаш)",,None,Собственник
18,19,210860170,https://www.moyareklama.by/single/ad/210860170,Помещение под магазин 21 м²,"Железнодорожный р-н, ул. Каменщикова, д. 3 (рынок Прудковский)",840 р./мес. 40  р./м²/мес.,None,Собственник
19,20,210860433,https://www.moyareklama.by/single/ad/210860433,"Помещение для торговли 35,9 м²","Железнодорожный р-н, ул. Б. Царикова, д. 20а",,None,Собственник
20,1,210801671,https://www.moyareklama.by/single/ad/210801671,"Помещение Мастерская по ремонту быт.техн 62,2 м²","Железнодорожный р-н, ул. Федюнинского (Ж.д.поз.26А по генплану поул.Федюнинского)","199 415,01  р. 3 205  р./м²",None,"Агентство Государственное предприятие ""УКС г.Гомеля"""
21,2,210800639,https://www.moyareklama.by/single/ad/210800639,"Помещение для торговли 36,8 м²","Советский р-н, ул. Федюнинского","137 639,95  р. 3 739,20  р./м²",None,"Агентство Государственное предприятие ""УКС г.Гомеля"""
22,3,210862127,https://www.moyareklama.by/single/ad/210862127,"Помещение под офис 87,1 м²","Советский р-н, ул. Никольская, д. 7","92 000  р. 1 056,26  р./м²",/single_spec.php?id=207501945,"Агентство ООО ""Гид по недвижимости"""
23,4,210800690,https://www.moyareklama.by/single/ad/210800690,"Помещение парикмахерская 105,6 м²","Железнодорожный р-н, ул. Федюнинского (Жилой дом (поз. 26А по генплану)"" 3-й п.к. ул.Федюнинского)","345 851,62  р. 3 274,80  р./м²",None,"Агентство Государственное предприятие ""УКС г.Гомеля"""
24,5,210862121,https://www.moyareklama.by/single/ad/210862121,"Помещение под офис 45,9 м²","Советский р-н, ул. Никольская, д. 7","48 300  р. 1 052,29  р./м²",/single_spec.php?id=207501945,"Агентство ООО ""Гид по недвижимости"", УНП 491323159"
25,6,210867316,https://www.moyareklama.by/single/ad/210867316,"Помещение торговый центр 1390,2 м²","Центральный р-н, ул. Кожара, д. 1 (р-н Старый Аэродром)",,None,Собственник
26,7,210864775,https://www.moyareklama.by/single/ad/210864775,Помещение под офис 85 м²,"Железнодорожный р-н, ул. Советская, д. 133 (Троллейбусный парк, ТЦ Корона)","118 000  р. 1 388,24  р./м²",None,Собственник
27,8,210867314,https://www.moyareklama.by/single/ad/210867314,Помещение под магазин 407 м²,"Железнодорожный р-н, пл. Победы, д. 2-66 (Ленинская библиотека)",,None,Собственник
28,9,210874220,https://www.moyareklama.by/single/ad/210874220,Помещение магазин/офис 137 м²,"Железнодорожный р-н, ул. Советская, д. 136",,None,Собственник
29,10,210422026,https://www.moyareklama.by/single/ad/210422026,Здание под склад 500 м²,"Железнодорожный р-н, пер. Строителей, д. 2","990 р./мес. 1,98  р./м²/мес.",None,Собственник
30,11,210875137,https://www.moyareklama.by/single/ad/210875137,Павильон под магазин 15 м²,"Советский р-н, пр-т Речицкий, д. 40",,None,Собственник
31,12,210539733,https://www.moyareklama.by/single/ad/210539733,Помещение под склад от 30 до 500 м²,"Советский р-н, ул. Войсковая, д. 7",,None,Собственник
32,13,210539735,https://www.moyareklama.by/single/ad/210539735,Помещение под производство от 40 до 450 м²,"Советский р-н, ул. Войсковая, д. 7",,None,Собственник
33,14,210870528,https://www.moyareklama.by/single/ad/210870528,"Здания 951.2м2 и 322.5м2 общее 1273,7 м²","Железнодорожный р-н, ул. Кирова, д. 136",,None,Собственник
34,15,210539732,https://www.moyareklama.by/single/ad/210539732,Помещение под офис от 11 до 70 м²,"Советский р-н, ул. Сосновая, д. 18",,None,Собственник
35,16,210711084,https://www.moyareklama.by/single/ad/210711084,Помещение под офис от 10 до 200 м²,"Гомельский р-н, аг. Еремино, ул. Сурганова, д. 15/3",,None,Собственник
36,17,210757915,https://www.moyareklama.by/single/ad/210757915,Помещение от 10 до 255 м²,"Новобелицкий р-н, г. Гомель, ул. Достоевского, д. 1-1 (Бизнес-центр ""Белица-Сити"")","от 52 р./мес. 5,20  р./м²/мес.",None,Собственник
37,18,210818214,https://www.moyareklama.by/single/ad/210818214,"Помещение под офисы, торговлю, склад от 10,8 до 124,5 м²","Центральный р-н, г. Гомель, ул. Советская, д. 29 (Дом профсоюзов. Центр города)",,None,Собственник
38,19,210818255,https://www.moyareklama.by/single/ad/210818255,"Помещение для торговли, услуг и др. 64 м²","Железнодорожный р-н, г. Гомель, ул. Свиридова, д. 13",,None,Собственник
39,20,210819216,https://www.moyareklama.by/single/ad/210819216,Помещение для торговли 99 м²,"Железнодорожный р-н, г. Гомель, ул. Советская, д. 97",,None,Собственник
40,1,210872408,https://www.moyareklama.by/single/ad/210872408,"Помещение (подсобное помещение) 35,3 м²","Железнодорожный р-н, ул. Могилевская, д. 1а",,None,Собственник
41,2,210871538,https://www.moyareklama.by/single/ad/210871538,Помещение под склад от 20 до 500 м²,"Железнодорожный р-н, ул. Шилова, д. 22",,None,Собственник
42,3,210872407,https://www.moyareklama.by/single/ad/210872407,"Помещение для торговли 533,1 м²","Советский р-н, пр-т Октября, д. 41 (магазин ""Ласточка"")",,None,Собственник
43,4,210873937,https://www.moyareklama.by/single/ad/210873937,Помещение свободного назначения 52 м²,"Новобелицкий р-н, ул. Ильича, д. 87А",,None,Собственник
44,5,210874658,https://www.moyareklama.by/single/ad/210874658,"Помещение от 8,7 до 234,4 м²","Центральный р-н, ул. Советская, д. 97/к.5",,None,Собственник
45,6,210875176,https://www.moyareklama.by/single/ad/210875176,Помещение 32 м²,"Новобелицкий р-н, ул. Бабушкина, д. 1",320 р./мес. 10  р./м²/мес.,None,Собственник
46,7,210876088,https://www.moyareklama.by/single/ad/210876088,Помещение свободного назначения 400 м²,"Советский р-н, ул. Б.Хмельницкого, д. 90",,None,Собственник
47,8,210877624,https://www.moyareklama.by/single/ad/210877624,Помещение от 20 до 80 м²,"Центральный р-н, ул. Мазурова, д. 28Б",,None,Собственник
48,9,210877622,https://www.moyareklama.by/single/ad/210877622,Помещение под офис 15 м²,"Центральный р-н, ул. Пролетарская, д. 5",,None,Собственник
49,10,210877623,https://www.moyareklama.by/single/ad/210877623,Помещение под офис 590 м²,"Центральный р-н, ул. Мазурова, д. 28В",,None,Собственник
50,11,210877630,https://www.moyareklama.by/single/ad/210877630,Помещение магазин/офис 137 м²,"Железнодорожный р-н, ул. Советская, д. 136",,None,Собственник
51,12,210877632,https://www.moyareklama.by/single/ad/210877632,Помещение для торговли 238 м²,"Железнодорожный р-н, ул. Старо-Черниговская, д. 4/2",,None,Собственник
52,13,210877687,https://www.moyareklama.by/single/ad/210877687,Помещение 118 м²,"Центральный р-н, ул. Катунина, д. 14А (Центр города)",,None,Собственник
53,14,210877734,https://www.moyareklama.by/single/ad/210877734,"Помещение административно-торговое 81,6 м²","Советский р-н, ул. Барыкина, д. 100 (Кольцо торговое оборудование)",,None,Собственник
54,15,210878410,https://www.moyareklama.by/single/ad/210878410,"Помещение под офис 42,1 м²","Новобелицкий р-н, ул. Белого, д. 19А",,None,Собственник
55,16,210878411,https://www.moyareklama.by/single/ad/210878411,"Помещение под склад 660,2 м²","Железнодорожный р-н, ул. Могилёвская, д. 1а",,None,Собственник
56,17,210877736,https://www.moyareklama.by/single/ad/210877736,Помещение цокольное от 20 до 82 м²,"Советский р-н, ул. Барыкина, д. 100",от 200 р./мес. 10  р./м²/мес.,None,Собственник
57,18,210878409,https://www.moyareklama.by/single/ad/210878409,Помещение под офис от 10 до 50 м²,"Железнодорожный р-н, ул. Могилевская, д. 1а",,None,Собственник
58,19,210878592,https://www.moyareklama.by/single/ad/210878592,"Помещение для торговли 130,1 м²","Железнодорожный р-н, пр-т Победы, д. 16-Б",,None,Собственник
59,20,210879472,https://www.moyareklama.by/single/ad/210879472,"Помещение под офис 29,6 м²","Советский р-н, ул. Барыкина, д. 309-1 (ост. Центролит)",,None,Собственник
60,1,210878592,https://www.moyareklama.by/single/ad/210878592,"Помещение для торговли 130,1 м²","Железнодорожный р-н, пр-т Победы, д. 16-Б",,None,Собственник
61,2,210879472,https://www.moyareklama.by/single/ad/210879472,"Помещение под офис 29,6 м²","Советский р-н, ул. Барыкина, д. 309-1 (ост. Центролит)",,None,Собственник
62,3,210881364,https://www.moyareklama.by/single/ad/210881364,"Помещение от 41,9 до 63,3 м²","Центральный р-н, ул. Волотовская, д. 11",,None,Собственник
63,4,210879912,https://www.moyareklama.by/single/ad/210879912,Помещение 72 м²,"Советский р-н, ул. Сосновая, д. 22-90","1 000 р./мес. 13,89  р./м²/мес.",None,Собственник
64,5,210881363,https://www.moyareklama.by/single/ad/210881363,"Помещение от 12,5 до 86,3 м²","Центральный р-н, ул. Федосеенко, д. 8",,None,Собственник
65,6,210882436,https://www.moyareklama.by/single/ad/210882436,"Помещение 44,5 м²","Железнодорожный р-н, ул. Привокзальная, д. 2",,None,Собственник
66,7,210882768,https://www.moyareklama.by/single/ad/210882768,"Помещение под склад 7,5 м²","Железнодорожный р-н, ул. Шевченко, д. 9б",,None,Собственник
67,8,210860169,https://www.moyareklama.by/single/ad/210860169,Павильон для торговли 4 м²,"Железнодорожный р-н, ул. Каменщикова, д. 3 (рынок Прудковский)",,None,Собственник
68,9,210800690,https://www.moyareklama.by/single/ad/210800690,"Помещение парикмахерская 105,6 м²","Железнодорожный р-н, ул. Федюнинского (Жилой дом (поз. 26А по генплану)"" 3-й п.к. ул.Федюнинского)","345 851,62  р. 3 274,80  р./м²",None,"Агентство Государственное предприятие ""УКС г.Гомеля"""
69,10,210801671,https://www.moyareklama.by/single/ad/210801671,"Помещение Мастерская по ремонту быт.техн 62,2 м²","Железнодорожный р-н, ул. Федюнинского (Ж.д.поз.26А по генплану поул.Федюнинского)","199 415,01  р. 3 205  р./м²",None,"Агентство Государственное предприятие ""УКС г.Гомеля"""
70,11,210877629,https://www.moyareklama.by/single/ad/210877629,"Киоск для торговли 14,9 м²","Советский р-н, ул. Украинская, д. 19",,None,Собственник
71,12,210862127,https://www.moyareklama.by/single/ad/210862127,"Помещение под офис 87,1 м²","Советский р-н, ул. Никольская, д. 7","92 000  р. 1 056,26  р./м²",/single_spec.php?id=207501945,"Агентство ООО ""Гид по недвижимости"""
72,13,210800639,https://www.moyareklama.by/single/ad/210800639,"Помещение для торговли 36,8 м²","Советский р-н, ул. Федюнинского","137 639,95  р. 3 739,20  р./м²",None,"Агентство Государственное предприятие ""УКС г.Гомеля"""
73,14,210862121,https://www.moyareklama.by/single/ad/210862121,"Помещение под офис 45,9 м²","Советский р-н, ул. Никольская, д. 7","48 300  р. 1 052,29  р./м²",/single_spec.php?id=207501945,"Агентство ООО ""Гид по недвижимости"", УНП 491323159"
74,15,210867316,https://www.moyareklama.by/single/ad/210867316,"Помещение торговый центр 1390,2 м²","Центральный р-н, ул. Кожара, д. 1 (р-н Старый Аэродром)",,None,Собственник
75,16,210864775,https://www.moyareklama.by/single/ad/210864775,Помещение под офис 85 м²,"Железнодорожный р-н, ул. Советская, д. 133 (Троллейбусный парк, ТЦ Корона)","118 000  р. 1 388,24  р./м²",None,Собственник
76,17,210867314,https://www.moyareklama.by/single/ad/210867314,Помещение под магазин 407 м²,"Железнодорожный р-н, пл. Победы, д. 2-66 (Ленинская библиотека)",,None,Собственник
77,18,210874220,https://www.moyareklama.by/single/ad/210874220,Помещение магазин/офис 137 м²,"Железнодорожный р-н, ул. Советская, д. 136",,None,Собственник
78,19,210875137,https://www.moyareklama.by/single/ad/210875137,Павильон под магазин 15 м²,"Советский р-н, пр-т Речицкий, д. 40",,None,Собственник
79,20,210870528,https://www.moyareklama.by/single/ad/210870528,"Здания 951.2м2 и 322.5м2 общее 1273,7 м²","Железнодорожный р-н, ул. Кирова, д. 136",,None,Собственник
80,1,210862127,https://www.moyareklama.by/single/ad/210862127,"Помещение под офис 87,1 м²","Советский р-н, ул. Никольская, д. 7","92 000  р. 1 056,26  р./м²",/single_spec.php?id=207501945,"Агентство ООО ""Гид по недвижимости"""
81,2,210801671,https://www.moyareklama.by/single/ad/210801671,"Помещение Мастерская по ремонту быт.техн 62,2 м²","Железнодорожный р-н, ул. Федюнинского (Ж.д.поз.26А по генплану поул.Федюнинского)","199 415,01  р. 3 205  р./м²",None,"Агентство Государственное предприятие ""УКС г.Гомеля"""
82,3,210862121,https://www.moyareklama.by/single/ad/210862121,"Помещение под офис 45,9 м²","Советский р-н, ул. Никольская, д. 7","48 300  р. 1 052,29  р./м²",/single_spec.php?id=207501945,"Агентство ООО ""Гид по недвижимости"", УНП 491323159"
83,4,210867316,https://www.moyareklama.by/single/ad/210867316,"Помещение торговый центр 1390,2 м²","Центральный р-н, ул. Кожара, д. 1 (р-н Старый Аэродром)",,None,Собственник
84,5,210864775,https://www.moyareklama.by/single/ad/210864775,Помещение под офис 85 м²,"Железнодорожный р-н, ул. Советская, д. 133 (Троллейбусный парк, ТЦ Корона)","118 000  р. 1 388,24  р./м²",None,Собственник
85,6,210867314,https://www.moyareklama.by/single/ad/210867314,Помещение под магазин 407 м²,"Железнодорожный р-н, пл. Победы, д. 2-66 (Ленинская библиотека)",,None,Собственник
86,7,210883390,https://www.moyareklama.by/single/ad/210883390,"Комплекс (база отдыха Сосновый бор) 890,6 м²","Гомельский р-н, пос. Борец",,None,Собственник
87,8,210883153,https://www.moyareklama.by/single/ad/210883153,Помещение от 30 до 60 м²,"Советский р-н, ул. Борисенко, д. 8/2 ((рядом магазин Светофор и ГАИ))",,None,Собственник
88,9,210882638,https://www.moyareklama.by/single/ad/210882638,Помещение для торговли от 7 до 160 м²,"Железнодорожный р-н, ул. Сухого, д. 1А",,None,Собственник
89,10,210882300,https://www.moyareklama.by/single/ad/210882300,"Помещение 40,5 м²","Речицкий р-н, г. Речица, ул. Набережная, д. 33",,None,Собственник
90,11,210864767,https://www.moyareklama.by/single/ad/210864767,Помещение свободного назначения от 20 до 480 м²,"Новобелицкий р-н, ул. 2-я Орудийная, д. 15Б (Завод Хим изделий)","от 7 916,67  р. 395,83  р./м²",None,Собственник
91,12,210882766,https://www.moyareklama.by/single/ad/210882766,Площадка рядом с магазином от 5 до 30 м²,"Железнодорожный р-н, ул. Беляева, д. 2Б (Костюковка)",,None,Собственник
92,13,210882686,https://www.moyareklama.by/single/ad/210882686,Павильон 4 м²,"Центральный р-н, ул. Кожара, д. 3 (Рынок Старый аэродром)",,None,Собственник
93,14,210185235,https://www.moyareklama.by/single/ad/210185235,Комплекс свободного назначения 200 м²,"Гомельский р-н, пос. Телеши, ул. Набережная, д. 6а",,None,Собственник
94,15,210882408,https://www.moyareklama.by/single/ad/210882408,Помещение 315 м²,"Железнодорожный р-н, ул. Крупской, д. 106Д",,None,Собственник
95,16,210882409,https://www.moyareklama.by/single/ad/210882409,"Помещение 148,4 м²","Железнодорожный р-н, ул. Крупской, д. 106Д",,None,Собственник
96,17,210882410,https://www.moyareklama.by/single/ad/210882410,Помещение 195 м²,"Железнодорожный р-н, ул. Крупской, д. 106Д",,None,Собственник
97,18,210875547,https://www.moyareklama.by/single/ad/210875547,Помещение (аренда СТО) 50 м²,"Советский р-н, ул. Барыкина, д. 297Б",,None,Собственник
98,19,210863179,https://www.moyareklama.by/single/ad/210863179,Здание (отдельно стоящие здания) от 10 до 200 м²,"Новобелицкий р-н, ул. Севастопольская, д. 45",,None,Собственник
99,20,210696117,https://www.moyareklama.by/single/ad/210696117,"Помещение 45,1 м²","Железнодорожный р-н, ул. Привокзальная, д. 2 (Вокзал)","1 300 р./мес. 28,82  р./м²/мес.",None,Собственник
100,1,210843852,https://www.moyareklama.by/single/ad/210843852,"Помещение 48,2 м²","Новобелицкий р-н, ул. Зайцева, д. 67А",,None,Собственник
101,2,210843853,https://www.moyareklama.by/single/ad/210843853,"Помещение 5,6 м²","Новобелицкий р-н, ул. Ильича, д. 275а-1",,None,Собственник
102,3,210843851,https://www.moyareklama.by/single/ad/210843851,"Помещение под склад 71,5 м²","Новобелицкий р-н, ул. Ильича, д. 301/2-2",,None,Собственник
103,4,210877939,https://www.moyareklama.by/single/ad/210877939,Помещение под общепит 70 м²,"Центральный р-н, пр-т Ленина, д. 4 (Парк)",,None,Собственник
104,5,210844655,https://www.moyareklama.by/single/ad/210844655,Помещение от 300 до 700 м²,"Железнодорожный р-н, ул. Советская, д. 157А",,None,Собственник
105,6,210861853,https://www.moyareklama.by/single/ad/210861853,Здание административно-хозяйственное 136 м²,"Новобелицкий р-н, ул. 2-я Орудийная, д. 15/2",,None,Собственник
106,7,210851388,https://www.moyareklama.by/single/ad/210851388,Помещение под офис 61 м²,"Советский р-н, ул. Полесская, д. 127 (ост. ""Локомотивное депо"")",,None,Собственник
107,8,210839637,https://www.moyareklama.by/single/ad/210839637,Помещение от 75 до 225 м²,"Центральный р-н, ул. Гагарина, д. 36",,None,Собственник
108,9,210842567,https://www.moyareklama.by/single/ad/210842567,Помещение под склад от 25 до 49 м²,"Центральный р-н, ул. Лещинская, д. 2а",,None,Собственник
109,10,210843373,https://www.moyareklama.by/single/ad/210843373,Помещение под офис от 17 до 34 м²,"Советский р-н, г. Гомель, ул. Борисенко, д. 7",,None,Собственник
110,11,210843944,https://www.moyareklama.by/single/ad/210843944,"Помещение 51,1 м²","Железнодорожный р-н, ул. Могилевская, д. 1Б",,None,Собственник
111,12,210843945,https://www.moyareklama.by/single/ad/210843945,Помещение 123 м²,"Железнодорожный р-н, ул. Троллейбусная, д. 10Б",,None,Собственник
112,13,210880093,https://www.moyareklama.by/single/ad/210880093,"Помещение под офис 91,4 м²",ул. Тельмана,,None,Собственник
113,14,210877660,https://www.moyareklama.by/single/ad/210877660,"Помещение под офис от 11,3 до 40 м²","Советский р-н, ул. Барыкина, д. 230б (ТЦ ""МебельГрад"")",,None,Собственник
114,15,210878852,https://www.moyareklama.by/single/ad/210878852,"Помещение 3,5 м²","Железнодорожный р-н, пр-т Победы, д. 11 (Напротив Белгут)","370 р./мес. 105,71  р./м²/мес.",None,Собственник
115,16,210878693,https://www.moyareklama.by/single/ad/210878693,Помещение под офис 8 м²,"Центральный р-н, г. Гомель, пр-т Ленина, д. 33 (в самом центре Гомеля)","250 р./мес. 31,25  р./м²/мес.",None,Собственник
116,17,210878654,https://www.moyareklama.by/single/ad/210878654,"Помещение 37,5 м²","Новобелицкий р-н, ул. 10 лет Октября, д. 1","470 р./мес. 12,53  р./м²/мес.",None,Собственник
117,18,210866821,https://www.moyareklama.by/single/ad/210866821,"Помещение под офис 197,2 м²","Железнодорожный р-н, ул. Текстильная, д. 10Б (Автоцентр Рено)","120 000  р. 608,52  р./м²",None,Собственник
118,19,210866820,https://www.moyareklama.by/single/ad/210866820,"Помещение под офис от 10 до 197,2 м²","Железнодорожный р-н, ул. Текстильная, д. 10Б (Автоцентр Рено)",,None,Собственник
119,20,210860511,https://www.moyareklama.by/single/ad/210860511,"Здание под автосервис 140,1 м²","Железнодорожный р-н, ул. Могилевская, д. 41","300 000  р. 2 141,33  р./м²",None,Собственник
120,1,210878020,https://www.moyareklama.by/single/ad/210878020,Павильон для торговли 4 м²,"Советский р-н, пр-т Речицкий, д. 40 (Давыдовский рынок, промышленна)","250 р./мес. 62,50  р./м²/мес.",None,Собственник
121,2,210704994,https://www.moyareklama.by/single/ad/210704994,Павильон для торговли 9 м²,"Советский р-н, пр-т Речицкий","8 670  р. 963,33  р./м²",None,Собственник
122,3,210877946,https://www.moyareklama.by/single/ad/210877946,Павильон для торговли 15 м²,"Советский р-н, г. Гомель, пр-т Речицкий","12 500  р. 833,33  р./м²",None,Собственник
123,4,210025881,https://www.moyareklama.by/single/ad/210025881,База под производство 580 м²,"Гомельский р-н, пос. Холочье, ул. Восточнее 1","25 500  р. 43,97  р./м²",None,Собственник
124,5,210841839,https://www.moyareklama.by/single/ad/210841839,"Помещение 21,3 м²","Советский р-н, ул. Владимирова, д. 59","58 190  р. 2 731,92  р./м²",None,Собственник
125,6,210835566,https://www.moyareklama.by/single/ad/210835566,Помещение под производство 400 м²,"Ветковский р-н, пос. Золотой Рог (7 км от Гомеля, рядом Аэропорт)",,None,Собственник
126,7,210857274,https://www.moyareklama.by/single/ad/210857274,Помещение под офис от 12 до 48 м²,"Железнодорожный р-н, ул. Свиридова (напротив Автобусного парка №6)",,None,Собственник
127,8,210877488,https://www.moyareklama.by/single/ad/210877488,"Помещение 77,8 м²","Центральный р-н, г. Гомель, пр-т Ленина, д. 14","229 900  р. 2 955,01  р./м²",None,Собственник
128,9,210757909,https://www.moyareklama.by/single/ad/210757909,Помещение от 10 до 255 м²,"Новобелицкий р-н, г. Гомель, ул. Достоевского, д. 1-1 (Бизнес-центр ""Белица-Сити"")","от 52 р./мес. 5,20  р./м²/мес.",None,Собственник
129,10,210876086,https://www.moyareklama.by/single/ad/210876086,"Помещение 75,4 м²","Железнодорожный р-н, г. Гомель, ул. Ленина, д. 51 (Дом-коммуна)","2 000 р./мес. 26,53  р./м²/мес.",None,Собственник
130,11,210873522,https://www.moyareklama.by/single/ad/210873522,Здание под офис 333 м²,"Центральный р-н, ул. Кирова, д. 3 (Вечный огонь)","820 000  р. 2 462,46  р./м²",None,Собственник
131,12,210849374,https://www.moyareklama.by/single/ad/210849374,Помещение для торговли 20 м²,"Железнодорожный р-н, ул. Гагарина, д. 89 (Мохов переезд)",,None,Собственник
132,13,210876720,https://www.moyareklama.by/single/ad/210876720,Помещение под офис от 14 до 35 м²,"Железнодорожный р-н, ул. Лепешинского, д. 2А",,None,Собственник
133,14,210876721,https://www.moyareklama.by/single/ad/210876721,Помещение производственно-складское от 70 до 350 м²,"Железнодорожный р-н, ул. Лепешинского, д. 2А",,None,Собственник
134,15,210870856,https://www.moyareklama.by/single/ad/210870856,Помещение офис и склад от 10 до 120 м²,"Железнодорожный р-н, ул. Федюнинского, д. 11А",,None,Собственник
135,16,210874751,https://www.moyareklama.by/single/ad/210874751,Помещение от 100 до 700 м²,"Центральный р-н, ул. Бородина, д. 6А",,None,Собственник
136,17,210873523,https://www.moyareklama.by/single/ad/210873523,Здание под офис 333 м²,"Центральный р-н, ул. Кирова, д. 3 (Вечный огонь)",,None,Собственник
137,18,210874752,https://www.moyareklama.by/single/ad/210874752,Помещение от 25 до 70 м²,"Центральный р-н, ул. Т.С. Бородина, д. 4",,None,Собственник
138,19,210876377,https://www.moyareklama.by/single/ad/210876377,Помещение под офис от 22 до 32 м²,"Центральный р-н, ул. Гагарина, д. 36",,None,Собственник
139,20,210874822,https://www.moyareklama.by/single/ad/210874822,"Помещение 89,2 м²","Центральный р-н, ул. Бородина, д. 4",,None,Собственник
140,1,210876204,https://www.moyareklama.by/single/ad/210876204,"Помещение свободного назначения 60,9 м²","Центральный р-н, ул. Рогачевская, д. 2а",,None,Собственник
141,2,210870556,https://www.moyareklama.by/single/ad/210870556,"Помещение под офис от 27,2 до 54,6 м²","Советский р-н, ул. Междугородняя, д. 1",,None,Собственник
142,3,210840044,https://www.moyareklama.by/single/ad/210840044,"Помещение под офис 58,3 м²","Железнодорожный р-н, ул. Могилевская, д. 5",,None,Собственник
143,4,210857606,https://www.moyareklama.by/single/ad/210857606,Здание свободного назначения от 10 до 800 м²,"Советский р-н, ул. Барыкина, д. 295 (кафе ""Ежа"")",,None,Собственник
144,5,210221729,https://www.moyareklama.by/single/ad/210221729,Здание свободного назначения 800 м²,"Советский р-н, ул. Барыкина, д. 295","350 000  р. 437,50  р./м²",None,Собственник
145,6,210875906,https://www.moyareklama.by/single/ad/210875906,"Помещение 53,3 м²","Железнодорожный р-н, ул. Кирова, д. 138","1 281 р./мес. 24,03  р./м²/мес.",None,Собственник
146,7,210857127,https://www.moyareklama.by/single/ad/210857127,"Здание 1096,4 м²","Рогачевский район, г. Рогачев, ул. Дзержинского, д. 1","499 000  р. 455,13  р./м²",None,Собственник
147,8,210857618,https://www.moyareklama.by/single/ad/210857618,"Помещение для торговли 185,4 м²","Железнодорожный р-н, ул. Ефремова, д. 5",,None,Собственник
148,9,210857603,https://www.moyareklama.by/single/ad/210857603,Помещение под склад 1245 м²,"Железнодорожный р-н, ул. Интендантская, д. 1М",,None,Собственник
149,10,210872401,https://www.moyareklama.by/single/ad/210872401,"Здание для торговли 295,1 м²","Железнодорожный р-н, ул. Н.Дворникова, д. 19-91",,None,Собственник
150,11,210875181,https://www.moyareklama.by/single/ad/210875181,Помещение под офис 8 м²,"Новобелицкий р-н, ул. Добрушская, д. 51",,None,Собственник
151,12,210875182,https://www.moyareklama.by/single/ad/210875182,Помещение под офис 32 м²,"Новобелицкий р-н, ул. Добрушская, д. 51",,None,Собственник
152,13,210875183,https://www.moyareklama.by/single/ad/210875183,Помещение под офис 15 м²,"Новобелицкий р-н, ул. Добрушская, д. 51",,None,Собственник
153,14,210875180,https://www.moyareklama.by/single/ad/210875180,Помещение под офис от 12 до 200 м²,"Новобелицкий р-н, ул. Добрушская, д. 51",,None,Собственник
154,15,210875185,https://www.moyareklama.by/single/ad/210875185,Здание (ангар с рабочей кран-балкой) 600 м²,"Новобелицкий р-н, ул. Добрушская, д. 51",,None,Собственник
155,16,210857613,https://www.moyareklama.by/single/ad/210857613,"Помещение для торговли 263,2 м²","Новобелицкий р-н, ул. Ильича, д. 30-1",,None,Собственник
156,17,210857130,https://www.moyareklama.by/single/ad/210857130,"Помещение (склад, бокс, торговая база) 639,6 м²","Новобелицкий р-н, ул. Шандалова, д. 26",,None,Собственник
157,18,210857609,https://www.moyareklama.by/single/ad/210857609,"Здание под магазин 200,2 м²","Советский р-н, ул. Белорусская, д. 113А",,None,Собственник
158,19,210838549,https://www.moyareklama.by/single/ad/210838549,Здание от 400 до 500 м²,"Советский р-н, ул. Междугородняя, д. 3",,None,Собственник
159,20,210857549,https://www.moyareklama.by/single/ad/210857549,Помещение под автосервис 100 м²,"Советский р-н, ул. Объездная, д. 32",,None,Собственник
160,1,210857621,https://www.moyareklama.by/single/ad/210857621,"Помещение для торговли 184,4 м²","Центральный р-н, ул. Крестьянская, д. 43",,None,Собственник
161,2,210666798,https://www.moyareklama.by/single/ad/210666798,Помещение 117 м²,"Центральный р-н, ул. Советская",,None,Собственник
162,3,210875184,https://www.moyareklama.by/single/ad/210875184,"Здание для торговли 344,6 м²","Центральный р-н, ул. Советская, д. 138А (Рембыттехника)",,/single_spec.php?id=209978187,"Агентство ООО ""Твой риэлтер"""
163,4,210875160,https://www.moyareklama.by/single/ad/210875160,Здание под склад 1000 м²,"Железнодорожный р-н, пер. Якуба Коласа, д. 46",,None,Собственник
164,5,210435686,https://www.moyareklama.by/single/ad/210435686,Павильон для торговли 9 м²,"Советский р-н, пр-т Речицкий, д. 40 (Давыдовский рынок)","1 р./мес. 0,11  р./м²/мес.",None,Собственник
165,6,210874954,https://www.moyareklama.by/single/ad/210874954,Помещение под магазин 164 м²,"Новобелицкий р-н, ул. Ильича, д. 74Б (Рядом с рынком)",,None,Собственник
166,7,210486220,https://www.moyareklama.by/single/ad/210486220,Павильон для торговли 9 м²,"Советский р-н, пр-т Речицкий, д. 40 (Давыдовский рынок)","8 500  р. 944,44  р./м²",None,Собственник
167,8,210874695,https://www.moyareklama.by/single/ad/210874695,Помещение офисное место 25 м²,"Центральный р-н, ул. Жарковского, д. 24а (одна остановка от Вокзала)","71,40 р./мес. 2,86  р./м²/мес.",None,Собственник
168,9,210874706,https://www.moyareklama.by/single/ad/210874706,"Помещение юридический адрес 4,5 м²","Центральный р-н, ул. Жарковского, д. 24а (одна остановка от вокзала)","71,40 р./мес. 15,87  р./м²/мес.",None,Собственник
169,10,210874694,https://www.moyareklama.by/single/ad/210874694,Помещение конференц-зал 70 м²,"Центральный р-н, ул. Жарковского, д. 24а (одна остановка от вокзала)",,None,Собственник
170,11,210874705,https://www.moyareklama.by/single/ad/210874705,Помещение под офис 22 м²,"Центральный р-н, ул. Жарковского, д. 24а (одна остановка от вокзала)",,None,Собственник
171,12,209875631,https://www.moyareklama.by/single/ad/209875631,"Помещение свободного назначения 44,7 м²","Центральный р-н, ул. Интернациональная, д. 11 (напротив белшиновского колеса)",,None,Собственник
172,13,210873948,https://www.moyareklama.by/single/ad/210873948,"Здание от 63 до 403,1 м²","Гомельский р-н, д. Рудня-Телешовская","от 12,60 р./мес. 0,20  р./м²/мес.",None,Собственник
173,14,210873950,https://www.moyareklama.by/single/ad/210873950,"Помещение под склад от 279,9 до 970,1 м²","Гомельский, аг. Ерёмино, ул. Сурганова, д. 20","от 98,49 р./мес. 0,35  р./м²/мес.",None,Собственник
174,15,210870837,https://www.moyareklama.by/single/ad/210870837,Помещение торговый объект 168 м²,"Новобелецкий, ул. 1-я Транзитная, д. 20а (Рядом СТО грузовых автомобилей)","1 366 р./мес. 8,13  р./м²/мес.",None,Собственник
175,16,210856649,https://www.moyareklama.by/single/ad/210856649,Помещение для торговли 246 м²,"Новобелицкий р-н, ул. Ильича, д. 294","4 962 р./мес. 20,17  р./м²/мес.",None,Собственник
176,17,210856648,https://www.moyareklama.by/single/ad/210856648,Помещение для торговли 357 м²,"Новобелицкий р-н, ул. Ильича, д. 294","7 200 р./мес. 20,17  р./м²/мес.",None,Собственник
177,18,210847539,https://www.moyareklama.by/single/ad/210847539,Помещение под магазин 66 м²,"Новобелицкий р-н, ул. 5-я Техническая, д. 1-А",,None,Собственник
178,19,210835114,https://www.moyareklama.by/single/ad/210835114,Помещение 50 м²,"Центральный р-н, г. Гомель, пр-т Ленина, д. 33 (В самом центре Гомеля)",,None,Собственник
179,20,210828200,https://www.moyareklama.by/single/ad/210828200,Помещение свободного назначения 130 м²,"Центральный р-н, г. Гомель, ул. Новополесская, д. 2-1а (Напротив Новый Универмаг)",,None,Собственник
180,1,210874285,https://www.moyareklama.by/single/ad/210874285,Комплекс (автостоянка) 900 м²,"Советский р-н, ул. Лазурная, д. 9",,None,Собственник
181,2,210857118,https://www.moyareklama.by/single/ad/210857118,Здание 217 м²,"Речицкий район, г. Речица, ул. Конева, д. 4","79 200  р. 364,98  р./м²",None,Собственник
182,3,210873211,https://www.moyareklama.by/single/ad/210873211,Помещение офисы+склад от 15 до 3500 м²,"Железнодорожный р-н, ул. Лепешинского, д. 22а",,None,Собственник
183,4,210869584,https://www.moyareklama.by/single/ad/210869584,"Помещение под общепит от 125,9 до 2931,4 м²","Советский р-н, пр-т Октября, д. 50 и 56",,None,Собственник
184,5,210230768,https://www.moyareklama.by/single/ad/210230768,Помещение для торговли 46 м²,"Советский р-н, пр-т Речицкий, д. 5в",,None,Собственник
185,6,210631739,https://www.moyareklama.by/single/ad/210631739,Здание свободного назначения 333 м²,"Советский р-н, ул. Борисенко","96 800  р. 290,69  р./м²",/single_spec.php?id=207501945,"Агентство ООО ""Гид по недвижимости"""
186,7,210855625,https://www.moyareklama.by/single/ad/210855625,Здание 2800 м²,"Советский р-н, ул. Полесская, д. 96А (бывший кинотеатр ""Ракета"")",,None,Собственник
187,8,210835166,https://www.moyareklama.by/single/ad/210835166,"Помещение 72,6 м²","Центральный р-н, пр-т Победы, д. 9 (перекресток Победы и Кирова)",,None,Собственник
188,9,210629045,https://www.moyareklama.by/single/ad/210629045,Павильон для торговли 9 м²,"Железнодорожный р-н, ул. Шилова","11 800  р. 1 311,11  р./м²",None,Собственник
189,10,210333997,https://www.moyareklama.by/single/ad/210333997,Помещение под магазин 29 м²,"ул. Репина, д. 2 (Международная)","1 000 р./мес. 34,48  р./м²/мес.",None,Собственник
190,11,210835573,https://www.moyareklama.by/single/ad/210835573,Комплекс зданий и сооружений 39400 м²,"Гомельская область, г. Речица, пр-д Коммунальный",,None,Собственник
191,12,210834296,https://www.moyareklama.by/single/ad/210834296,Помещение (холодильные камеры) от 35 до 105 м²,"Железнодорожный р-н, ул. Шилова, д. 22",,None,Собственник
192,13,210855776,https://www.moyareklama.by/single/ad/210855776,"Помещение под склад 202,6 м²","Новобелицкий р-н, ул. Достоевского, д. 1 (ост.""Ленинградская"")",,None,Собственник
193,14,210834633,https://www.moyareklama.by/single/ad/210834633,Помещение от 20 до 200 м²,"Советский р-н, пр-т Октября, д. 67",,None,Собственник
194,15,210835170,https://www.moyareklama.by/single/ad/210835170,Помещение 6 м²,"Советский р-н, пр-т Речицкий, д. 80 (Автосалон НТС)",,None,Собственник
195,16,210834890,https://www.moyareklama.by/single/ad/210834890,"Помещение 54,8 м²","Центральный р-н, ул. Хатаевича, д. 53",,None,Собственник
196,17,210871348,https://www.moyareklama.by/single/ad/210871348,Комплекс под автостоянку со зданием 2594 м²,"Советский р-н, г. Гомель, ул. Хозяйственная аллея, д. 14а",,None,Собственник
197,18,210871296,https://www.moyareklama.by/single/ad/210871296,Помещение 34 м²,"Советский р-н, пр-т Речицкий, д. 5В (ТЦ ""Мандарин Плаза"")",,None,Собственник
198,19,210834389,https://www.moyareklama.by/single/ad/210834389,Здание 550 м²,"Советский р-н, г. Гомель, ул. 30 лет БССР, д. 1 (микрорайон Залинейный)",1 178 100  р. 2 142  р./м²,None,Собственник
199,20,210389088,https://www.moyareklama.by/single/ad/210389088,Комплекс свободного назначения от 50 до 200 м²,"Гомельский р-н, пос. Телеши, ул. Набережная, д. 6а",от 150 р./мес. 3  р./м²/мес.,None,Собственник
200,1,210833803,https://www.moyareklama.by/single/ad/210833803,Помещение от 550 до 1320 м²,"Новобелицкий р-н, ул. Добрушская, д. 12",,None,Собственник
201,2,210869749,https://www.moyareklama.by/single/ad/210869749,Павильон 16 м²,"Железнодорожный р-н, ул. Максима Богдановича",,None,Собственник
202,3,210869747,https://www.moyareklama.by/single/ad/210869747,Павильон для торговли 14 м²,"Железнодорожный р-н, ул. Советская (""Рембыттехника"")",,None,Собственник
203,4,210867966,https://www.moyareklama.by/single/ad/210867966,Здание (шатер из клееного бруса) 70 м²,"Центральный р-н, ул. Чечерская, д. 70А (рядом почта)",,None,Собственник
204,5,210848112,https://www.moyareklama.by/single/ad/210848112,Комплекс помещений бывшей сел. школы 1300 м²,"Добрушский, пос. Галое, ул. Коммунистическая, д. 1А (50 км от Гомеля)",,None,Собственник
205,6,210864419,https://www.moyareklama.by/single/ad/210864419,Помещение под магазин от 50 до 650 м²,"Жлобинский, г. Жлобин, б-р Металлургов, д. 9 (Торговый центр)",,None,Собственник
206,7,210864418,https://www.moyareklama.by/single/ad/210864418,Помещение под магазин от 50 до 650 м²,"Жлобинский, г. Жлобин, б-р Металлургов, д. 9 (Торговый центр)",,None,Собственник
207,8,210866619,https://www.moyareklama.by/single/ad/210866619,Помещение 943 м²,"Мозырский р-он, пос. Сосновый",,None,Собственник
208,9,210864420,https://www.moyareklama.by/single/ad/210864420,Помещение под магазин 420 м²,"Светлогорский, г. Светлогорск, пер. Авиационный, д. 1/6 (ЖД станция Светлогорск)",,None,Собственник
209,10,210864421,https://www.moyareklama.by/single/ad/210864421,Помещение под магазин 420 м²,"Светлогорский, г. Светлогорск, пер. Авиационный, д. 1/6 (ЖД станция Светлогорск)",,None,Собственник
210,11,210867883,https://www.moyareklama.by/single/ad/210867883,Помещение свободного назначения 70 м²,"Чечерск, г. Чечерск, ул. Урицкого, д. 18б","29 850  р. 426,43  р./м²",None,Собственник
211,12,210830388,https://www.moyareklama.by/single/ad/210830388,Помещение от 15 до 130 м²,"Железнодорожный р-н, ул. Лепешинского, д. 7И",,None,Собственник
212,13,210849017,https://www.moyareklama.by/single/ad/210849017,"Помещение под склад от 22,7 до 1000 м²","Мозырский, г. Мозырь, ул. Портовая, д. 18 а,б,в (мкр. Заречный)","от 68,10 р./мес. 3  р./м²/мес.",None,Собственник
213,14,210849018,https://www.moyareklama.by/single/ad/210849018,"Помещение под магазин от 9,4 до 27,8 м²","Мозырский, г. Мозырь, ул. Портовая, д. 18 а,б,в (мкр. Заречный)",,None,Собственник
214,15,210864738,https://www.moyareklama.by/single/ad/210864738,Помещение под склад 1200 м²,"Советский р-н, ул. Войсковая, д. 22",,None,Собственник
215,16,210864737,https://www.moyareklama.by/single/ad/210864737,Помещение для торговли от 85 до 140 м²,"Советский р-н, пр-т Речицкий, д. 65 (ТД ""Речицкий"", р-к Давыдовский)",,None,Собственник
216,17,210866807,https://www.moyareklama.by/single/ad/210866807,Комплекс свободного назначения 473 м²,"Добрушский р-н, д. Жгуно-Буда, ул. Школьная, д. 2А","17 000  р. 35,94  р./м²",/single_spec.php?id=207501945,"Агентство ""Гид по недвижимости"""
217,18,210866760,https://www.moyareklama.by/single/ad/210866760,Помещение под общепит 50 м²,"Новобелицкий р-н, ул. Ильича, д. 51Г (2 школа)",750 р./мес. 15  р./м²/мес.,None,Собственник
218,19,210866750,https://www.moyareklama.by/single/ad/210866750,Помещение 71 м²,"Советский р-н, ул. Барыкина, д. 86","2 689 р./мес. 37,87  р./м²/мес.",None,Собственник
219,20,210829200,https://www.moyareklama.by/single/ad/210829200,"Павильон для торговли 81,3 м²","Центральный р-н, ул. Мазурова, д. 22а","2 000 р./мес. 24,60  р./м²/мес.",None,Собственник
220,1,210379292,https://www.moyareklama.by/single/ad/210379292,"Павильон под магазин 43,8 м²","Добрушский р-н, 0 Добруш, ул. Лесная, д. 9е","805 р./мес. 18,38  р./м²/мес.",None,Собственник
221,2,210866541,https://www.moyareklama.by/single/ad/210866541,Помещение для торговли 33 м²,"ул. Песина, д. 33 (Универмаг)",,None,Собственник
222,3,210866263,https://www.moyareklama.by/single/ad/210866263,Помещение (торговые места) от 2 до 10 м²,"Центральный р-н, ул. Карповича, д. 28",,None,Собственник
223,4,210866253,https://www.moyareklama.by/single/ad/210866253,"Помещение под офис от 7,4 до 19 м²","Центральный р-н, ул. Карповича, д. 28",,None,Собственник
224,5,210866265,https://www.moyareklama.by/single/ad/210866265,Помещение (площади) от 4 до 100 м²,"Центральный р-н, ул. Карповича, д. 28 (в магазине Рыба и морепродукты)",,None,Собственник
225,6,210866233,https://www.moyareklama.by/single/ad/210866233,Помещение (павильон) от 20 до 70 м²,"Центральный р-н, ул. Карповича, д. 28 (В ТЦ ""Бытовая техника"")",,None,Собственник
226,7,210866264,https://www.moyareklama.by/single/ad/210866264,Помещение (роллет) 6 м²,"Центральный р-н, ул. Карповича, д. 28 (Территория центрального рынка)",,None,Собственник
227,8,210866161,https://www.moyareklama.by/single/ad/210866161,Помещение 72 м²,"Советский р-н, ул. Сосновая, д. 22-90","1 000 р./мес. 13,89  р./м²/мес.",None,Собственник
228,9,210848075,https://www.moyareklama.by/single/ad/210848075,Помещение под офис от 14 до 55 м²,"Железнодорожный р-н, ул. Шилова, д. 22",,None,Собственник
229,10,210848068,https://www.moyareklama.by/single/ad/210848068,Помещение под склад от 20 до 500 м²,"Железнодорожный р-н, ул. Шилова, д. 22",,None,Собственник
230,11,210827685,https://www.moyareklama.by/single/ad/210827685,Помещение (офис и склады) от 12 до 400 м²,"Железнодорожный р-н, ул. Шилова, д. 22 (Центр)",,None,Собственник
231,12,210847944,https://www.moyareklama.by/single/ad/210847944,Помещение под офис от 12 до 150 м²,"Центральный р-н, ул. Гагарина, д. 59",,None,Собственник
232,13,210864629,https://www.moyareklama.by/single/ad/210864629,"Помещение 25,3 м²","Центральный р-н, ул. Т.С. Бородина, д. 4",,None,Собственник
233,14,210864630,https://www.moyareklama.by/single/ad/210864630,Помещение 212 м²,"Центральный р-н, ул. Т.С. Бородина, д. 6",,None,Собственник
234,15,210864627,https://www.moyareklama.by/single/ad/210864627,"Помещение (цокольный этаж) 76,7 м²","Центральный р-н, ул. Т.С. Бородина, д. 6А",,None,Собственник
235,16,210666464,https://www.moyareklama.by/single/ad/210666464,"Павильон для торговли 19,5 м²","Новобелицкий р-н, ул. Ильича, д. 299 (рынок Черниговский)","15 000  р. 769,23  р./м²",None,Собственник
236,17,210666463,https://www.moyareklama.by/single/ad/210666463,"Павильон для торговли 19,5 м²","Новобелицкий р-н, ул. Ильича, д. 299 (рынок Черниговский)",,None,Собственник
237,18,210862672,https://www.moyareklama.by/single/ad/210862672,"Помещение торгово-офисное 44,9 м²","Центральный р-н, г. Гомель, ул. Гагарина, д. 63","1 167 р./мес. 25,99  р./м²/мес.",None,Собственник
238,19,210863201,https://www.moyareklama.by/single/ad/210863201,"Здание (состоит из одного помещения) 8,9 м²","Железнодорожный р-н, ул. Ефремова, д. 63Б","20 000  р. 2 247,19  р./м²",None,Собственник
239,20,210863189,https://www.moyareklama.by/single/ad/210863189,Здание 15 м²,"Железнодорожный р-н, пр-т Победы, д. 11","65 000  р. 4 333,33  р./м²",None,Собственник
240,1,210863185,https://www.moyareklama.by/single/ad/210863185,"Помещение 360,6 м²","Центральный р-н, ул. Карповича, д. 45","561 600  р. 1 557,40  р./м²",None,Собственник
241,2,210569234,https://www.moyareklama.by/single/ad/210569234,Помещение для торговли от 110 до 360 м²,"Железнодорожный р-н, ул. Карповича, д. 45",,None,Собственник
242,3,210864407,https://www.moyareklama.by/single/ad/210864407,Здание для торговли 143 м²,"Советский р-н, пр-т Речицкий, д. 70Б","125 000  р. 874,13  р./м²",None,Собственник
243,4,210825577,https://www.moyareklama.by/single/ad/210825577,Здание 78 м²,"Гомельская область, г. Светлогорск, ул. Северная, д. 8",,None,Собственник
244,5,210857517,https://www.moyareklama.by/single/ad/210857517,Помещение для торговли 90 м²,"Советский р-н, г. Гомель, пр-т Речицкий, д. 22а (Магазин ""Павлинка"")",,None,Собственник
245,6,209427019,https://www.moyareklama.by/single/ad/209427019,"Помещение под офис 98,6 м²","Железнодорожный р-н, ул. Рабочая, д. 5 (завод Гомсельмаш)","950 р./мес. 9,63  р./м²/мес.",None,Собственник
246,7,210862043,https://www.moyareklama.by/single/ad/210862043,Здание под склад 900 м²,"Железнодорожный р-н, ул. Шилова, д. 4",619 200  р. 688  р./м²,None,Собственник
247,8,210822280,https://www.moyareklama.by/single/ad/210822280,Помещение административно-торговое 17 м²,"Железнодорожный р-н, ул. Кирова, д. 40",,None,Собственник
248,9,210859557,https://www.moyareklama.by/single/ad/210859557,Помещение для торговли от 288 до 288 м²,"Железнодорожный район, ул. Федюнинского","от 9,66 р./мес. 0,03  р./м²/мес.",/single_spec.php?id=200893805,Агентство Одо Недвижимость Линия Закона
249,10,209911740,https://www.moyareklama.by/single/ad/209911740,База свободного назначения 1700 м²,"Новобелицкий р-н, ул. Добрушская, д. 49","520 000  р. 305,88  р./м²",None,Собственник
250,11,210855841,https://www.moyareklama.by/single/ad/210855841,Павильон под магазин 15 м²,"Советский р-н, 0 Гомель, пр-т Речицкий, д. 40",,None,Собственник
251,12,210687930,https://www.moyareklama.by/single/ad/210687930,Павильон для торговли 10 м²,"Железнодорожный р-н, ул. Каменщикова, д. 3","8 932  р. 893,20  р./м²",None,Собственник
252,13,210854242,https://www.moyareklama.by/single/ad/210854242,Помещение под склад от 350 до 700 м²,"Железнодорожный р-н, пер. 1-й Крупской",,None,Собственник
253,14,210854709,https://www.moyareklama.by/single/ad/210854709,"Павильон для торговли 6,3 м²","Центральный р-н, ул. Советская (универмаг Гомель)",,None,Собственник
254,15,209841276,https://www.moyareklama.by/single/ad/209841276,Киоск для торговли 12 м²,"Советский р-н, пр-т Речицкий, д. 40 (Рынок Давыдовский)",16 800  р. 1 400  р./м²,None,Собственник
255,16,210849974,https://www.moyareklama.by/single/ad/210849974,Помещение под офис 140 м²,"Центральный р-н, ул. Моисеенко, д. 1","1 800 р./мес. 12,86  р./м²/мес.",None,Собственник
256,17,210853421,https://www.moyareklama.by/single/ad/210853421,База под производство 1494 м²,"Гомельская, д. Бобовичи","155 000  р. 103,75  р./м²",/single_spec.php?id=209876601,"Агентство ОДО ""Юриэлт"""
257,18,210853008,https://www.moyareklama.by/single/ad/210853008,Помещение под магазин 74 м²,"Центральный р-н, ул. Хатаевича, д. 69/2 (Евроопт (Линия), кафе Шантан)",2 220 р./мес. 30  р./м²/мес.,None,Собственник
258,19,210852624,https://www.moyareklama.by/single/ad/210852624,Павильон для торговли 20 м²,"Железнодорожный р-н, пр-т Космонавтов",4 000  р. 200  р./м²,None,Собственник
259,20,210698332,https://www.moyareklama.by/single/ad/210698332,Павильон для торговли 4 м²,"Железнодорожный р-н, ул. Советская, д. 97",5 168  р. 1 292  р./м²,None,Собственник
260,1,210852302,https://www.moyareklama.by/single/ad/210852302,Помещение под офис 80 м²,"Центральный р-н, ул. Советская, д. 133",,None,Собственник
261,2,209813259,https://www.moyareklama.by/single/ad/209813259,"Здание для торговли 220,1 м²","Центральный р-н, ул. Хатаевича, д. 67а",,None,Собственник
262,3,210850569,https://www.moyareklama.by/single/ad/210850569,Павильон для торговли 9 м²,"Советский р-н, ул. Бакунина, д. 80а",,None,Собственник
263,4,210848908,https://www.moyareklama.by/single/ad/210848908,Комплекс свободного назначения 1000 м²,"Советский р-н, ул. Войсковая",,None,Собственник
264,5,210848883,https://www.moyareklama.by/single/ad/210848883,Помещение свободного назначения 165 м²,"Центральный р-н, ул. Советская, д. 144 (Троицкий Храм, Советская Кирова)","10 р./мес. 0,06  р./м²/мес.",None,Собственник
265,6,210848414,https://www.moyareklama.by/single/ad/210848414,"Комплекс под производство 3033,6 м²","Гомельская обл., Петриковский р-н, г. Петриков, ст. Муляровка","5 690 824,44  р. 1 875,93  р./м²",None,Собственник
266,7,210724781,https://www.moyareklama.by/single/ad/210724781,Павильон под магазин 15 м²,"Железнодорожный р-н, ул. Юбилейная, д. 8",,None,Собственник
267,8,210845311,https://www.moyareklama.by/single/ad/210845311,"Помещение для торговли 32,7 м²","Центральный р-н, ул. Мазурова, д. 22а","700 р./мес. 21,41  р./м²/мес.",None,Собственник
268,9,210843835,https://www.moyareklama.by/single/ad/210843835,Помещение под общепит 149 м²,"Центральный р-н, ул. Олимпийская, д. 21","2 261 р./мес. 15,17  р./м²/мес.",/single_spec.php?id=209876601,"Агентство ОДО ""Юриэлт"""
269,10,210843797,https://www.moyareklama.by/single/ad/210843797,Павильон для торговли 15 м²,"Советский р-н, пр-т Речицкий",15 000  р. 1 000  р./м²,None,Собственник
270,11,210841401,https://www.moyareklama.by/single/ad/210841401,Помещение под общепит от 163 до 163 м²,"Гомельский район, пос. Калинино","от 217 449  р. 1 334,04  р./м²",/single_spec.php?id=200893805,Агентство ОДО Недвижимость Линия Закона
271,12,210841089,https://www.moyareklama.by/single/ad/210841089,"Помещение 1219,1 м²","Новобелицкий р-н, ул. Добрушская, д. 12",,None,Собственник
272,13,210840631,https://www.moyareklama.by/single/ad/210840631,Помещение 36 м²,"Центральный р-н, ул. Кирова, д. 59","1 100 р./мес. 30,56  р./м²/мес.",None,Собственник
273,14,210839895,https://www.moyareklama.by/single/ad/210839895,"Помещение под общепит 1341,4 м²","Центральный район, ул. Кожара","3,62 р./мес. 0  р./м²/мес.",/single_spec.php?id=200893805,Агентство Одо Недвижимость Линия Закона
274,15,210839687,https://www.moyareklama.by/single/ad/210839687,Здание свободного назначения 3025 м²,"Железнодорожный р-н, ул. Юбилейная, д. 9","3 373 500  р. 1 115,21  р./м²",None,"Агентство ООО Агентство недвижимости ""Эксперт"""
275,16,210839412,https://www.moyareklama.by/single/ad/210839412,Автомобильная стоянка сооружение специализированное 3109 м²,"Советский р-н, ул. Давыдовская, д. 22Б","36 500  р. 11,74  р./м²",/single_spec.php?id=207501945,"Агентство ""Гид по недвижимости"""
276,17,210839132,https://www.moyareklama.by/single/ad/210839132,Помещение под магазин 64 м²,"Чечерский р-н, г. Чечерск, ул. Урицкого","29 200  р. 456,25  р./м²",/single_spec.php?id=209876601,"Агентство ОДО ""Юриэлт"""
277,18,210839100,https://www.moyareklama.by/single/ad/210839100,Здание 240 м²,"Советский р-н, ул. Бочкина, д. 99а","175 000  р. 729,17  р./м²",None,Собственник
278,19,210839099,https://www.moyareklama.by/single/ad/210839099,Помещение под офис и склад от 11 до 40 м²,"Советский р-н, ул. Бочкина, д. 99а",,None,Собственник
279,20,210838149,https://www.moyareklama.by/single/ad/210838149,Здание под магазин 267 м²,"Железнодорожный р-н, ул. Советская, д. 169а","880 р./мес. 3,30  р./м²/мес.",/single_spec.php?id=209876601,"Агентство ОДО ""Юриэлт"""
280,1,210837305,https://www.moyareklama.by/single/ad/210837305,"Помещение 22,8 м²","Советский р-н, пр-т Речицкий, д. 131а (Гипермаркет ГИППО)","230 р./мес. 10,09  р./м²/мес.",None,Собственник
281,2,210834358,https://www.moyareklama.by/single/ad/210834358,Павильон 23 м²,"Новобелицкий р-н, ул. Полякова",,None,Собственник
282,3,210834066,https://www.moyareklama.by/single/ad/210834066,"Помещение 86,8 м²","Центральный р-н, ул. Карповича, д. 5","307 200  р. 3 539,17  р./м²",/single_spec.php?id=209978187,"Агентство ООО ""Твой риэлтер"""
283,4,210833234,https://www.moyareklama.by/single/ad/210833234,Здание под магазин 458 м²,"Железнодорожный р-н, ул. Шоссейная, д. 41В",,/single_spec.php?id=210280869,"Агентство ООО ""Ваше агентство недвижимости"""
284,5,210832976,https://www.moyareklama.by/single/ad/210832976,Павильон для торговли 12 м²,"Советский р-н, пр-т Речицкий, д. 40",,None,Собственник
285,6,210832436,https://www.moyareklama.by/single/ad/210832436,"Помещение под офис от 20 до 93,5 м²","Железнодорожный р-н, пр-т Победы, д. 12А (""пр-т Победы"")","от 267,38 р./мес. 13,37  р./м²/мес.",/single_spec.php?id=207501945,"Агентство ООО ""Гид по недвижимости"""
286,7,210826945,https://www.moyareklama.by/single/ad/210826945,Помещение свободного назначения от 14 до 442 м²,"Советский р-н, г. Гомель, ул. Базовая, д. 13 (Завод Центролит)",,None,Собственник
287,8,210830106,https://www.moyareklama.by/single/ad/210830106,Помещение свободного назначения 60 м²,"Железнодорожный р-н, ул. Текстильная, д. 3","700 р./мес. 11,67  р./м²/мес.",None,Собственник
288,9,210830102,https://www.moyareklama.by/single/ad/210830102,Помещение под автосервис 80 м²,"Железнодорожный р-н, ул. Текстильная, д. 3",800 р./мес. 10  р./м²/мес.,None,Собственник
289,10,210830050,https://www.moyareklama.by/single/ad/210830050,Комплекс свободного назначения 2374 м²,"Железнодорожный р-н, ул. Проселочная",,/single_spec.php?id=200856033,"Агентство ООО ""Лига права недвижимость"""
290,11,210829792,https://www.moyareklama.by/single/ad/210829792,База 735 м²,"Гомельский, д. Уза (ост.Медгородок, 1км. от Гомеля)","320 000  р. 435,37  р./м²",None,Собственник
291,12,210827954,https://www.moyareklama.by/single/ad/210827954,Помещение под автосервис 400 м²,"Гомельский р-н, д. Залипье, ул. Промышленная, д. 4",,None,Собственник
292,13,210819207,https://www.moyareklama.by/single/ad/210819207,Конференц-зал до 248 мест 407 м²,"Железнодорожный р-н, г. Гомель, ул. Федюнинского, д. 17 (Бизнес-центр Гомель-Ратон)",,None,Собственник
293,14,210819230,https://www.moyareklama.by/single/ad/210819230,Помещение под общепит от 123 до 164 м²,"Железнодорожный р-н, г. Гомель, ул. Федюнинского, д. 17 (Бизнес-центр Гомель-Ратон)",,None,Собственник
294,15,210819212,https://www.moyareklama.by/single/ad/210819212,Помещение под офис от 14 до 70 м²,"Железнодорожный р-н, г. Гомель, ул. Федюнинского, д. 17 (Бизнес-центр Гомель-Ратон)",,None,Собственник
295,16,210823531,https://www.moyareklama.by/single/ad/210823531,"Помещение свободного назначения 206,1 м²","Новобелицкий район, ул. Севастопольский 2-й","33 825,40  р. 164,12  р./м²",/single_spec.php?id=200893805,Агентство ОДО Недвижимость Линия Закона
296,17,210823288,https://www.moyareklama.by/single/ad/210823288,Помещение под офис от 20 до 35 м²,"Центральный р-н, г. Гомель, ул. Тельмана, д. 44 (Центр города, новый универмаг)",,None,Собственник
297,18,210823214,https://www.moyareklama.by/single/ad/210823214,Здание под производство 459 м²,"Мозырский р-н, с. Михалковский, ул. Михалки","306 000  р. 666,67  р./м²",/single_spec.php?id=209978187,"Агентство ООО ""Твой риэлтер"""
298,19,210550745,https://www.moyareklama.by/single/ad/210550745,Павильон свободного назначения 50 м²,"Центральный р-н, ул. Головацкого (конечная Мельников луг (школа №59))",,None,Собственник
299,20,210818374,https://www.moyareklama.by/single/ad/210818374,Здание под автосервис 311 м²,"Гомельский р-н, пос. Еремино, ул. Центральная","562 782  р. 1 809,59  р./м²",None,Агентство
300,1,210818320,https://www.moyareklama.by/single/ad/210818320,"Помещение под офис 71,9 м²","Центральный р-н, ул. Советская","115 115  р. 1 601,04  р./м²",None,Агентство
301,2,210815358,https://www.moyareklama.by/single/ad/210815358,"Помещение под офис от 45,9 до 133 м²","Советский р-н, ул. Никольская, д. 7","от 48 315,79  р. 1 052,63  р./м²",/single_spec.php?id=207501945,"Агентство ООО ""Гид по недвижимости"""
302,3,210811613,https://www.moyareklama.by/single/ad/210811613,Павильон 18 м²,"Железнодорожный р-н, ул. Б.Царикова, д. 1",,None,Собственник
303,4,210810315,https://www.moyareklama.by/single/ad/210810315,Павильон 15 м²,"Центральный р-н, ул. Моисеенко, д. 22а (ЗиП)","100 р./мес. 6,67  р./м²/мес.",None,Собственник
304,5,210809678,https://www.moyareklama.by/single/ad/210809678,Помещение под склад от 20 до 630 м²,"Центральный р-н, ул. Шилова, д. 16",от 20 р./мес. 1  р./м²/мес.,None,Собственник
305,6,210809677,https://www.moyareklama.by/single/ad/210809677,"Здание под склад 631,8 м²","Железнодорожный р-н, ул. Шилова, д. 16/9","60 000  р. 94,97  р./м²",None,Собственник
306,7,210809679,https://www.moyareklama.by/single/ad/210809679,Помещение 388 м²,"Советский р-н, ул. Сосновая, д. 22-90",562 600  р. 1 450  р./м²,None,Собственник
307,8,210808795,https://www.moyareklama.by/single/ad/210808795,"Здание (состоит из одного помещения) 8,9 м²","Железнодорожный р-н, г. Гомель, ул. Ефремова, д. 63Б","330 р./мес. 37,08  р./м²/мес.",None,Собственник
308,9,210809322,https://www.moyareklama.by/single/ad/210809322,"База под гостиницу 52,4 м²","Ветковский р-н, д. Юрковичи, ул. Кошлякова","81 696  р. 1 559,08  р./м²",/single_spec.php?id=209876601,"Агентство ОДО ""Юриэлт"""
309,10,210809276,https://www.moyareklama.by/single/ad/210809276,"Помещение свободного назначения от 399,5 до 1052,1 м²","Буда-Кошелевский район, г. Буда-Кошелево, ул. Техническая","от 82 569,03  р. 206,68  р./м²",/single_spec.php?id=200893805,"Агентство ОДО ""Недвижимость Линия Закона"""
310,11,210803867,https://www.moyareklama.by/single/ad/210803867,Павильон 15 м²,"Центральный р-н, ул. Моисеенко, д. 22а (ЗИП)",7 800  р. 520  р./м²,None,Собственник
311,12,210802982,https://www.moyareklama.by/single/ad/210802982,Здание под магазин 267 м²,"Железнодорожный р-н, ул. Советская, д. 169а","186 750  р. 699,44  р./м²",/single_spec.php?id=209876601,"Агентство ОДО ""Юриэлт"""
312,13,210784383,https://www.moyareklama.by/single/ad/210784383,Павильон под магазин 80 м²,"Ветковский р-н, аг. Присно, ул. 70 лет Октября",,/single_spec.php?id=210652159,"Агентство ООО ""Центр недвижимости ""Пакодан Регион"""
313,14,210801554,https://www.moyareklama.by/single/ad/210801554,"Помещение 62,8 м²","Железнодорожный р-н, ул. Федюнинского","219 586,48  р. 3 496,60  р./м²",None,"Агентство Государственное предприятие ""УКС г.Гомеля"""
314,15,210800803,https://www.moyareklama.by/single/ad/210800803,"Помещение под офис 43,4 м²","Центральный р-н, ул. Ирининская, д. 7","131 000  р. 3 017,04  р./м²",/single_spec.php?id=200856033,"Агентство ООО ""Лига права - Недвижимость"""
315,16,210794351,https://www.moyareklama.by/single/ad/210794351,Помещение свободного назначения 63 м²,"Железнодорожный р-н, пр-т Космонавтов, д. 64 (Стадион Гомсельмаш)",,/single_spec.php?id=207501945,"Агентство ООО ""Гид по недвижимости"""
316,17,210791875,https://www.moyareklama.by/single/ad/210791875,Помещение свободного назначения 294 м²,"Железнодорожный р-н, пер. 1-й Крупской","6 192 р./мес. 21,06  р./м²/мес.",/single_spec.php?id=209978187,"Агентство ООО ""Твой риэлтер"""
317,18,210791745,https://www.moyareklama.by/single/ad/210791745,Помещение свободного назначения 294 м²,"Железнодорожный р-н, пер. 1-й Крупской","417 960  р. 1 421,63  р./м²",/single_spec.php?id=209978187,"Агентство ООО ""Твой риэлтер"""
318,19,210790343,https://www.moyareklama.by/single/ad/210790343,"Помещение для торговли 142,8 м²","Железнодорожный р-н, пр-т Космонавтов, д. 94-161","215 000  р. 1 505,60  р./м²",None,Собственник
319,20,210135498,https://www.moyareklama.by/single/ad/210135498,"Помещение под офис 37,3 м²","Советский р-н, пр-т Речицкий, д. 131а (""Гиппо"")","290 р./мес. 7,77  р./м²/мес.",None,Собственник
320,1,210788386,https://www.moyareklama.by/single/ad/210788386,Помещение административное 191 м²,"г. Мозырь, ул. Крупской, д. 12 (м-н ""Керамин"")","101 600  р. 531,94  р./м²",/single_spec.php?id=209978187,"Агентство ООО ""Твой риэлтер"""
321,2,210757512,https://www.moyareklama.by/single/ad/210757512,Помещение 85 м²,"Советский р-н, ул. Владимирова, д. 12 г",,None,Собственник
322,3,209935726,https://www.moyareklama.by/single/ad/209935726,Помещение под офис от 10 до 100 м²,"Центральный р-н, ул. Ландышева, д. 59 (""Университет им.Ф.Скорины"")",,None,Собственник
323,4,210781855,https://www.moyareklama.by/single/ad/210781855,"Помещение под офис от 635,3 до 635,3 м²","Центральный район, ул. Крестьянская","от 560 535,20  р. 882,32  р./м²",/single_spec.php?id=200893805,Агентство Одо Недвижимость Линия Закона
324,5,210778631,https://www.moyareklama.by/single/ad/210778631,Помещение для торговли 360 м²,"Железнодорожный р-н, ул. Карповича, д. 45",,None,Собственник
325,6,210777334,https://www.moyareklama.by/single/ad/210777334,"Помещение под магазин от 52,4 до 52,4 м²","Центральный район, ул. Комиссарова","от 96 644  р. 1 844,35  р./м²",/single_spec.php?id=200893805,"Агентство ОДО ""Недвижимость Линия Закона"""
326,7,210710534,https://www.moyareklama.by/single/ad/210710534,Павильон для торговли 18 м²,"Железнодорожный р-н, ул. Сухого","6 600  р. 366,67  р./м²",None,Собственник
327,8,210726017,https://www.moyareklama.by/single/ad/210726017,Павильон под магазин 17 м²,"Железнодорожный р-н, ул. Международная, д. 30",,None,Собственник
328,9,210726015,https://www.moyareklama.by/single/ad/210726015,"Павильон под магазин 18,2 м²","Железнодорожный р-н, ул. Юбилейная, д. 8А (рынок Юбилейный)",,None,Собственник
329,10,210726019,https://www.moyareklama.by/single/ad/210726019,Павильон под магазин 8 м²,"Советский р-н, пр-т Речицкий (Рынок ""Давыдовский"")",,None,Собственник
330,11,210739456,https://www.moyareklama.by/single/ad/210739456,"Павильон для торговли 273,5 м²","Добрушский р-н, аг. Перерост, пер. Калинина, д. 2а","21 000  р. 76,78  р./м²",None,Собственник
331,12,210541625,https://www.moyareklama.by/single/ad/210541625,Павильон 4 м²,"Железнодорожный р-н, ул. Советская",,None,Собственник
332,13,210684699,https://www.moyareklama.by/single/ad/210684699,Павильон 6 м²,"Советский р-н, пр-т Речицкий, д. 40/1 (р-к Давыдовский)",,None,Собственник
333,14,210684700,https://www.moyareklama.by/single/ad/210684700,Павильон 6 м²,"Советский р-н, пр-т Речицкий, д. 40/1 (р-к Давыдовский)",,None,Собственник
334,15,210678705,https://www.moyareklama.by/single/ad/210678705,Павильон для торговли 9 м²,"Железнодорожный р-н, ул. Героев Подпольщиков, д. 18",,None,Собственник
335,16,210700890,https://www.moyareklama.by/single/ad/210700890,"Павильон 3,6 м²","Железнодорожный р-н, ул. Шевченко, д. 9",,None,Собственник
336,17,210769192,https://www.moyareklama.by/single/ad/210769192,Помещение 4 м²,"Железнодорожный р-н, ул. Ефремова, д. 63а","133 р./мес. 33,25  р./м²/мес.",None,Собственник
337,18,210659773,https://www.moyareklama.by/single/ad/210659773,Павильон 11 м²,"Железнодорожный р-н, ул. Бориса Царикова, д. 1",,None,Собственник
338,19,210745635,https://www.moyareklama.by/single/ad/210745635,Павильон 7 м²,"Советский р-н, пр-т Речицкий","6 288  р. 898,29  р./м²",None,Собственник
339,20,210535713,https://www.moyareklama.by/single/ad/210535713,Павильон для торговли 4 м²,"Советский р-н, пр-т Речицкий (Давыдовский рынок)",4 500  р. 1 125  р./м²,None,Собственник
340,1,209640596,https://www.moyareklama.by/single/ad/209640596,Здание свободного назначения от 10 до 1400 м²,"Центральный р-н, ул. Ландышева, д. 59",,None,Собственник
341,2,210726779,https://www.moyareklama.by/single/ad/210726779,"Здание под автосервис от 131,1 до 131,1 м²","Речицкий район, г. Речица, ул. Нефтяников","от 289 932  р. 2 211,53  р./м²",/single_spec.php?id=200893805,"Агентство ОДО ""Недвижимость Линия Закона"""
342,3,210719553,https://www.moyareklama.by/single/ad/210719553,Здание под производство от 111 до 354 м²,"Новобелицкий район, пер. Севастопольский","от 3,03 р./мес. 0,03  р./м²/мес.",/single_spec.php?id=200893805,Агентство Одо Недвижимость Линия Закона
343,4,210687805,https://www.moyareklama.by/single/ad/210687805,"Помещение для торговли от 49,6 до 49,6 м²","Центральный район, ул. Ирининская","от 265 771  р. 5 358,29  р./м²",/single_spec.php?id=200893805,"Агентство ОДО ""Недвижимость Линия Закона"""
344,5,210687803,https://www.moyareklama.by/single/ad/210687803,Помещение под офис от 502 до 502 м²,"Железнодорожный район, ул. Чапаева","от 930 198,50  р. 1 852,99  р./м²",/single_spec.php?id=200893805,Агентство ОДО Недвижимость Линия Закона
345,6,210687802,https://www.moyareklama.by/single/ad/210687802,"Помещение под офис от 407,2 до 407,2 м²","Центральный район, ул. Речицкая","от 918 118  р. 2 254,71  р./м²",/single_spec.php?id=200893805,"Агентство ОДО ""Недвижимость Линия Закона"""
346,7,210595711,https://www.moyareklama.by/single/ad/210595711,Помещение под офис 943 м²,"Мозырский район, пос. Сосновый","241 610  р. 256,21  р./м²",/single_spec.php?id=200893805,"Агентство ОДО ""Недвижимость Линия Закона"""
347,8,210588910,https://www.moyareklama.by/single/ad/210588910,"Помещение под производство 1107,1 м²","Советский район, ул. Борисенко","471 139,50  р. 425,56  р./м²",/single_spec.php?id=200893805,Агентство ОДО Недвижимость Линия Закона
348,9,210580478,https://www.moyareklama.by/single/ad/210580478,"Помещение свободного назначения 28,3 м²","Советский район, пр-т Речицкий","48 322  р. 1 707,49  р./м²",/single_spec.php?id=200893805,"Агентство ОДО ""Недвижимость Линия Закона"""
349,10,210552287,https://www.moyareklama.by/single/ad/210552287,"База под производство от 692,6 до 692,6 м²","Новобелицкий район, ул. Добрушская","от 120 805  р. 174,42  р./м²",/single_spec.php?id=200893805,Агентство Одо Недвижимость Линия Закона
350,11,210486118,https://www.moyareklama.by/single/ad/210486118,"Здание под склад 8247,3 м²","Речицкий район, г. Речица, ул. Молодежная","4,83 р./мес. 0  р./м²/мес.",/single_spec.php?id=200893805,Агентство Одо Недвижимость Линия Закона
351,12,210409429,https://www.moyareklama.by/single/ad/210409429,"Здание свободного назначения от 10,3 до 3143,5 м²","Железнодорожный район, ул. Могилевская","от 0,01 р./мес. 0  р./м²/мес.",/single_spec.php?id=200893805,"Агентство ОДО ""Недвижимость Линия Закона"""
352,13,210325221,https://www.moyareklama.by/single/ad/210325221,Помещение под склад от 983 до 983 м²,"Новобелицкий район, ул. Герцена","от 253 690,50  р. 258,08  р./м²",/single_spec.php?id=200893805,Агентство Одо Недвижимость Линия Закона
353,14,210283284,https://www.moyareklama.by/single/ad/210283284,"Помещение под общепит от 76,7 до 76,7 м²","Центральный район, ул. Советская","от 434 898  р. 5 670,12  р./м²",/single_spec.php?id=200893805,"Агентство Одо ""Недвижимость Линия Закона"""
354,15,210663810,https://www.moyareklama.by/single/ad/210663810,Помещение под гостиницу 28 м²,"Петриковский р-н, г. Петриков, ул. Комсомольская, д. 27",,/single_spec.php?id=209876601,"Агентство ОДО ""Юриэлт"""
355,16,210663823,https://www.moyareklama.by/single/ad/210663823,"Здание под гостиницу 36,4 м²","Петриковский р-н, г. Петриков, ул. Ленинская, д. 76","132 300  р. 3 634,62  р./м²",/single_spec.php?id=209876601,"Агентство ОДО ""Юриэлт"""
356,17,210663832,https://www.moyareklama.by/single/ad/210663832,"Здание под гостиницу 106,6 м²","Петриковский р-н, г. Петриков, ул. Муляровская, д. 30","205 800  р. 1 930,58  р./м²",/single_spec.php?id=209876601,"Агентство ОДО ""Юриэлт"""
357,18,210663753,https://www.moyareklama.by/single/ad/210663753,"Помещение под гостиницу 42,8 м²","г. Петриков, ул. Бумажкова, д. 28-2",,/single_spec.php?id=209876601,"Агентство ОДО ""Юриэлт"""
358,19,210663801,https://www.moyareklama.by/single/ad/210663801,Помещение под гостиницу 160 м²,"Петриковский р-н, г. Петриков, ул. Комсомольская, д. 9","1 277 500  р. 7 984,38  р./м²",/single_spec.php?id=209876601,"Агентство ОДО ""Юриэлт"""
359,20,210437471,https://www.moyareklama.by/single/ad/210437471,"Помещение 173,3 м²","Центральный р-н, ул. Мазурова, д. 117В","421 618  р. 2 432,88  р./м²",/single_spec.php?id=209978187,"Агентство ООО ""Твой риэлтер"""
360,1,210663784,https://www.moyareklama.by/single/ad/210663784,"Здание под гостиницу 60,8 м²","Петриковский р-н, г. Петриков, ул. Деда Талаша, д. 38",,/single_spec.php?id=209876601,"Агентство ОДО ""Юриэлт"""
361,2,210727905,https://www.moyareklama.by/single/ad/210727905,"Помещение свободного назначения 44,3 м²","Центральный р-н, ул. Интернациональная, д. 11 (ост. ""Коминтерн"")",,/single_spec.php?id=210280869,"Агентство ООО ""Ваше агентство недвижимости"""
362,3,210689293,https://www.moyareklama.by/single/ad/210689293,"Помещение под офис 1253,2 м²","Центральный р-н, ул. Жарковского, д. 26",,/single_spec.php?id=210280869,"Агентство ООО ""Ваше агентство недвижимости"""
363,4,210640618,https://www.moyareklama.by/single/ad/210640618,Здание 265 м²,"Центральный р-н, ул. Пролетарская, д. 17",,/single_spec.php?id=209876601,"Агентство ОДО ""Юриэлт"""
364,5,210665506,https://www.moyareklama.by/single/ad/210665506,Здание под гостиницу от 16 до 470 м²,"Центральный р-н, ул. Кирова, д. 3",,/single_spec.php?id=208314513,"Агентство ""Капитал Недвижимости"""
365,6,210699366,https://www.moyareklama.by/single/ad/210699366,"Помещение под автосервис 249,6 м²","Советский р-н, ул. Лазурная, д. 32",,/single_spec.php?id=209876601,"Агентство ОДО ""Юриэлт"""
366,7,210646573,https://www.moyareklama.by/single/ad/210646573,"Киоск под магазин 10,2 м²","Железнодорожный р-н, ул. Каменщикова, д. 3","13 230  р. 1 297,06  р./м²",/single_spec.php?id=209876601,"Агентство ОДО ""Юриэлт"""
367,8,210479699,https://www.moyareklama.by/single/ad/210479699,Помещение торговое 18 м²,"Советский р-н, ул. Б.Хмельницкого, д. 59 («Бакунинский рынок»)",270 р./мес. 15  р./м²/мес.,None,Собственник
368,9,210503710,https://www.moyareklama.by/single/ad/210503710,Помещение офисное 35 м²,"Новобелицкий р-н, ул. Транзитная 1-ая, д. 20а","285 р./мес. 8,14  р./м²/мес.",None,Собственник
369,10,210479696,https://www.moyareklama.by/single/ad/210479696,"СТО легковых автомобилей легковых автомобилей 67,5 м²","Советский р-н, ул. Бакунина","960,57 р./мес. 14,23  р./м²/мес.",None,Собственник
370,11,210479693,https://www.moyareklama.by/single/ad/210479693,Помещение торговое 150 м²,"Центральный р-н, пр-т Ленина, д. 16",4 200 р./мес. 28  р./м²/мес.,None,Собственник
371,12,210671877,https://www.moyareklama.by/single/ad/210671877,"Помещение под офис 16,9 м²","Железнодорожный р-н, ул. Ефремова, д. 63а","304,20 р./мес. 18  р./м²/мес.",None,Собственник
372,13,210710914,https://www.moyareklama.by/single/ad/210710914,"Помещение для торговли 91,2 м²","Советский р-н, ул. Денисенко, д. 4-4","230 000  р. 2 521,93  р./м²",None,Собственник
373,14,210715792,https://www.moyareklama.by/single/ad/210715792,"Помещение для торговли 69,6 м²","Советский р-н, ул. Пенязькова, д. 59-1а","240 000  р. 3 448,28  р./м²",None,Собственник
374,15,210541470,https://www.moyareklama.by/single/ad/210541470,"Киоск для торговли 6,5 м²","Советский р-н, пр-т Октября, д. 63 (Областная больница)","160 р./мес. 24,62  р./м²/мес.",None,Собственник
375,16,210535020,https://www.moyareklama.by/single/ad/210535020,Действующая автостоянка 1 м²,"Железнодорожный р-н, ул. 2-я Гомсельмашевская (""Стадион"")",130 000  р. 130 000  р./м²,/single_spec.php?id=208314513,"Агентство ""Капитал недвижимости"""
376,17,210752908,https://www.moyareklama.by/single/ad/210752908,"Помещение 86,8 м²","Центральный р-н, ул. Карповича, д. 5",,/single_spec.php?id=209978187,"Агентство ООО ""Твой риэлтер"""
377,18,210752672,https://www.moyareklama.by/single/ad/210752672,"Комплекс Банно-оздоровительный комплекс 439,9 м²","Советский р-н, пер. 2-й Островского, д. 1","664 200  р. 1 509,89  р./м²",/single_spec.php?id=207501945,"Агентство ООО ""Гид по недвижимости"", УНП 491323159"
378,19,210120092,https://www.moyareklama.by/single/ad/210120092,"Здание свободного назначения 705,1 м²","Ветковский р-н, г. Ветка, ул. Первомайская, д. 38Г","75 000  р. 106,37  р./м²",/single_spec.php?id=207501945,"Агентство ООО ""Гид по недвижимости"""
379,20,210688917,https://www.moyareklama.by/single/ad/210688917,"Помещение для торговли 61,8 м²","Центральный р-н, ул. Крестьянская, д. 40 (Крестьянская)","153 600  р. 2 485,44  р./м²",/single_spec.php?id=207501945,"Агентство ООО ""Гид по недвижимости"""
380,1,210601316,https://www.moyareklama.by/single/ad/210601316,"Помещение свободного назначения 93,5 м²","Центральный р-н, пр-т Победы, д. 12А (Белгут)",,/single_spec.php?id=207501945,"Агентство ООО ""Гид по недвижимости"", УНП 491323159,"
381,2,210718108,https://www.moyareklama.by/single/ad/210718108,Помещение под офис 250 м²,"Новобелицкий р-н, ул. 10 лет Октября, д. 1 (Ленинградская)","99 900  р. 399,60  р./м²",/single_spec.php?id=200856033,"Агентство ООО ""Лига права недвижимость"""
382,3,210550730,https://www.moyareklama.by/single/ad/210550730,Павильон для торговли 15 м²,"Советский р-н, пр-т Октября",,None,Собственник
383,4,210687911,https://www.moyareklama.by/single/ad/210687911,"Павильон для торговли 18,5 м²","Железнодорожный р-н, ул. Свиридова (Универсам Брянский)","7 630  р. 412,43  р./м²",None,Собственник
384,5,209989322,https://www.moyareklama.by/single/ad/209989322,"Комплекс 5029,7 м²","Гомельский р-н, д. Студеная Гута, ул. Студёная Гута","510 001  р. 101,40  р./м²",/single_spec.php?id=209978187,"Агентство ООО ""Твой риэлтер"""
385,6,210041386,https://www.moyareklama.by/single/ad/210041386,"Помещение административное 82,9 м²","Центральный р-н, ул. Парижской Коммуны","104 551  р. 1 261,17  р./м²",/single_spec.php?id=209978187,"Агентство ООО ""Твой риэлтер"""
386,7,210720621,https://www.moyareklama.by/single/ad/210720621,"Здание администативно-хозяйственное 391,8 м²","Железнодорожный р-н, ул. Шилова","433 501  р. 1 106,43  р./м²",/single_spec.php?id=209978187,"Агентство ООО ""Твой риэлтер"""
387,8,210304102,https://www.moyareklama.by/single/ad/210304102,"Здание административное 990,3 м²","Железнодорожный р-н, пер. Строителей, д. 2Б","688 501  р. 695,24  р./м²",/single_spec.php?id=209978187,"Агентство ООО ""Твой риэлтер"""
388,9,210438103,https://www.moyareklama.by/single/ad/210438103,Помещение 585 м²,"г. Добруш, ул. Ф.Хлуднёва","89 251  р. 152,57  р./м²",/single_spec.php?id=209978187,"Агентство ООО ""Твой риэлтер"""
389,10,210526109,https://www.moyareklama.by/single/ad/210526109,"Здание под гостиницу 430,9 м²","Мозырский р-н, г. Мозырь, ул. Ленинская, д. 44Б (кинотеатр ""Мир"", РОВД г. Мозырь)","140 250  р. 325,48  р./м²",/single_spec.php?id=209978187,"Агентство ""Твой риэлтер"""
390,11,210456133,https://www.moyareklama.by/single/ad/210456133,Помещение для торговли 62 м²,"Центральный р-н, ул. Мазурова, д. 9",,None,Собственник
391,12,210424291,https://www.moyareklama.by/single/ad/210424291,"Здание под гостиницу от 80 до 470,4 м²","Центральный р-н, ул. Кирова, д. 3",,/single_spec.php?id=208314513,"Агентство ""Капитал Недвижимости"""
392,13,210286471,https://www.moyareklama.by/single/ad/210286471,Комплекс под склад 1318 м²,"Советский р-н, ул. Мозырская, д. 6 (Чкалова)","275 000  р. 208,65  р./м²",/single_spec.php?id=207501945,"Агентство ООО ""Гид по недвижимости"""
393,14,210325737,https://www.moyareklama.by/single/ad/210325737,"Помещение салона красоты 45,9 м²","Центральный р-н, ул. Кирова, д. 1 (Вечный огонь, Коминтерн)","177 100  р. 3 858,39  р./м²",/single_spec.php?id=207501945,"Агентство ООО ""Гид по недвижимости"""
394,15,209660575,https://www.moyareklama.by/single/ad/209660575,Законсервированное строение 778 м²,"Новобелицкий р-н, ул. Добрушская (АЗС ""Беларуснефть"")","75 000  р. 96,40  р./м²",/single_spec.php?id=207501945,"Агентство ООО ""Гид по недвижимости"""
395,16,210248879,https://www.moyareklama.by/single/ad/210248879,Здание для торговли 113 м²,"Советский р-н, ул. Котовского","100 000  р. 884,96  р./м²",/single_spec.php?id=207501945,"Агентство ООО ""Гид по недвижимости"""
396,17,210712932,https://www.moyareklama.by/single/ad/210712932,База под производство 1970 м²,"Новобелицкий р-н, ул. Добрушская",,/single_spec.php?id=207501945,"Агентство ООО ""Гид по недвижимости"""
397,18,209764702,https://www.moyareklama.by/single/ad/209764702,Здание свободного назначения 1048 м²,"Центральный р-н, ул. Советская, д. 42а","172 000  р. 164,12  р./м²",/single_spec.php?id=207501945,"Агентство ООО ""Гид по недвижимости"""
398,19,210015886,https://www.moyareklama.by/single/ad/210015886,"Помещение под офис 47,5 м²","Железнодорожный р-н, ул. Сенная (остановка ""ЗИП"")",,/single_spec.php?id=207501945,"Агентство ООО ""Гид по недвижимости"""
399,20,210712442,https://www.moyareklama.by/single/ad/210712442,База под производство 1970 м²,"Новобелицкий р-н, ул. Добрушская","733 200  р. 372,18  р./м²",/single_spec.php?id=207501945,"Агентство ООО ""Гид по недвижимости"""
400,1,209660497,https://www.moyareklama.by/single/ad/209660497,"Помещение 357,4 м²","Советский р-н, пр-т Речицкий, д. 80","604 000  р. 1 689,98  р./м²",/single_spec.php?id=207501945,"Агентство ООО ""Гид по недвижимости"""
401,2,210438107,https://www.moyareklama.by/single/ad/210438107,Помещение 585 м²,"г. Добруш, ул. Ф.Хлуднёва",,/single_spec.php?id=209978187,"Агентство ООО ""Твой риэлтер"""
402,3,210327069,https://www.moyareklama.by/single/ad/210327069,"Здание под производство 1494,3 м²","Гомельский р-н, с. Бобовичи, ул. Бобовичский с/с, д. 22",155 400  р. 104  р./м²,/single_spec.php?id=209978187,"Агентство ООО ""Твой риэлтер"""
403,4,210493258,https://www.moyareklama.by/single/ad/210493258,"Помещение 148,6 м²","Центральный район, ул. Интернациональная",,/single_spec.php?id=200893805,Агентство Одо Недвижимость Линия Закона
404,5,210450319,https://www.moyareklama.by/single/ad/210450319,"Помещение для торговли 354,8 м²","Центральный район, ул. Интернациональная",,/single_spec.php?id=200893805,Агентство Одо Недвижимость Линия Закона
405,6,210712901,https://www.moyareklama.by/single/ad/210712901,Павильон для торговли 15 м²,"Железнодорожный р-н, ул. Ефремова, д. 17",7 560  р. 504  р./м²,None,Собственник
