,number,id,link,title,rooms,sq_live,height,tall,address,square,type_house,floor,water,bathroom,balcony,repair,photo,images
0,1,210860270,https://www.moyareklama.by/single/ad/210860270,"3-ком. квартира 75,2 м², 18/18 эт.",3.0,752.0,18.0,18.0,"Советский р-н, пр-т Речицкий, д. 78","Общая площадь:75,2 м²
Жилая площадь:45,9 м²
Кухня:8,4 м²",Тип дома:монолитный,Этаж / Этажей в доме:18/18,"
Водоснабжение:горячая вода            ","
Санузел:раздельный            ","
Балкон: балкон                ","Ремонт: косметический
                ",https://media1.moyareklama.by/i/p/770x576/202210/20221025132840_f1e0c58f36c8758664f7a0265c24be8e.jpg,"['https://media1.moyareklama.by/i/p/148x111/202210/20221025132840_f1e0c58f36c8758664f7a0265c24be8e.jpg', 'https://media1.moyareklama.by/i/p/148x111/202210/20221025132840_4e56809e85881023c124cee8f4e02b3d.jpg', 'https://media1.moyareklama.by/i/p/148x111/202210/20221025132840_df7c3ec475e3e28565a3ae855080016e.jpg', 'https://media1.moyareklama.by/i/p/148x111/202210/20221025132840_ef1bb4e46e1bed12c23d394a5d50c9c0.jpg', 'https://media1.moyareklama.by/i/p/148x111/202210/20221025132840_8ae44ece3323cbb2a5dfc965e70a0aaf.jpg', 'https://media1.moyareklama.by/i/p/148x111/202210/20221025132840_24e56a5408d3d5cf4e8a061d9d78b0da.jpg', 'https://media1.moyareklama.by/i/p/148x111/202210/20221025132840_d2a47ea62ed765ca01e79d7ce14caa7e.jpg', 'https://media1.moyareklama.by/i/p/148x111/202210/20221025132840_01f813bac3d8975b7a1824b30d6330bb.jpg', 'https://media1.moyareklama.by/i/p/148x111/202210/20221025132840_75b1d9a230b0626f8e827ee116f17c8f.jpg', 'https://media1.moyareklama.by/i/p/148x111/202210/20221025132840_5cdbd3451052a18271f0f4b44d0c342d.jpg', 'https://media1.moyareklama.by/i/p/148x111/202210/20221025132840_6f4514f6b2c561df660161cf54aeb163.jpg', 'https://media1.moyareklama.by/i/p/148x111/202210/20221025132840_c33890f487b914bca511259978b6bbdd.jpg', 'https://media1.moyareklama.by/i/p/148x111/202210/20221025132839_067afb8e43bc3738d30ede18fed63e98.jpg']"
1,2,210859333,https://www.moyareklama.by/single/ad/210859333,"1-ком. квартира 30,9 м², 9/10 эт.",1.0,309.0,9.0,10.0,"Центральный р-н, ул. Чечерская, д. 21","Общая площадь:30,9 м²
Жилая площадь:17 м²
Кухня:6,9 м²",Тип дома:панельный,Этаж / Этажей в доме:9/10,,,"
Балкон: балкон                ",,https://media1.moyareklama.by/i/p/770x576/202210/20221021171103_9ed675b94ea057d97d9f2722b23c1f47.jpg,"['https://media1.moyareklama.by/i/p/148x111/202210/20221021171103_9ed675b94ea057d97d9f2722b23c1f47.jpg', 'https://media1.moyareklama.by/i/p/148x111/202210/20221021171103_6d458eeefc31b41db826450abe6c3367.jpg', 'https://media1.moyareklama.by/i/p/148x111/202210/20221021171103_51ff6409b59fc7dadd048411584d6ba5.jpg', 'https://media1.moyareklama.by/i/p/148x111/202210/20221021171103_92a4721e74890bcc730b55c986ce5a04.jpg', 'https://media1.moyareklama.by/i/p/148x111/202210/20221021171103_584da6914200e515620af92178559fae.jpg', 'https://media1.moyareklama.by/i/p/148x111/202210/20221021171103_8a82d7dd903de2d1f945e64c6be2eaca.jpg', 'https://media1.moyareklama.by/i/p/148x111/202210/20221021171103_c945dc7285695e0bd7092d0d45a314a1.jpg', 'https://media1.moyareklama.by/i/p/148x111/202210/20221021171103_7749299faf90f3e4d39f767724dd87cf.jpg', 'https://media1.moyareklama.by/i/p/148x111/202210/20221021171103_eeac12e443dcb1cf614929e29f46d0f4.jpg', 'https://media1.moyareklama.by/i/p/148x111/202210/20221021171103_01721c28a40a22fb4926c9c3d54752e0.jpg', 'https://media1.moyareklama.by/i/p/148x111/202210/20221021171103_237b508e4b4e6a06e4ba27d8f57c49ee.jpg', 'https://media1.moyareklama.by/i/p/148x111/202210/20221021171103_1013e01d8994307811a7edf46ff3e621.jpg']"
2,3,210860168,https://www.moyareklama.by/single/ad/210860168,"1-ком. квартира 35,4 м², 5/5 эт.",1.0,354.0,5.0,5.0,"Советский р-н, мкр Энергетиков, д. 29","Общая площадь:35,4 м²
Жилая площадь:18,1 м²
Кухня:8,1 м²",Тип дома:панельный,Этаж / Этажей в доме:5/5,"
Водоснабжение:горячая вода            ","
Санузел:раздельный            ","
Балкон: балкон                ",,https://media1.moyareklama.by/i/p/770x576/202210/20221024181029_a60646168018b05063d36450ad96d777.jpg,"['https://media1.moyareklama.by/i/p/148x111/202210/20221024181029_a60646168018b05063d36450ad96d777.jpg', 'https://media1.moyareklama.by/i/p/148x111/202210/20221024181029_07f5dfb6e9243c09ae01a2571b7fb1de.jpg', 'https://media1.moyareklama.by/i/p/148x111/202210/20221024181029_f39675fe36d973f33f3f777583e6d18a.jpg', 'https://media1.moyareklama.by/i/p/148x111/202210/20221024181029_f25cc142a8d06d936e68f2fa9f253f80.jpg', 'https://media1.moyareklama.by/i/p/148x111/202210/20221024181029_dd5c5304c514579c5c19ad1e4cf30395.jpg', 'https://media1.moyareklama.by/i/p/148x111/202210/20221024181029_d9ac3108f5e61a6e1c1229ef27281a6d.jpg', 'https://media1.moyareklama.by/i/p/148x111/202210/20221024181029_f139b87df35d2edf96158c5f0ab2c5af.jpg']"
3,4,210862153,https://www.moyareklama.by/single/ad/210862153,"1-ком. квартира 30,9 м², 9/10 эт.",1.0,309.0,9.0,10.0,"Центральный р-н, ул. Чечерская, д. 27","Общая площадь:30,9 м²
Жилая площадь:17 м²
Кухня:6,8 м²",Тип дома:панельный,Этаж / Этажей в доме:9/10,"
Водоснабжение:горячая вода            ","
Санузел:совмещенный            ","
Балкон: лоджия                ",,http://img.youtube.com/vi/7PG10zk3jRg/hqdefault.jpg,
4,5,210861389,https://www.moyareklama.by/single/ad/210861389,"2-ком. квартира 49,7 м², 4/5 эт.",2.0,497.0,4.0,5.0,"Центральный р-н, пр-т Ленина, д. 34","Общая площадь:49,7 м²
Жилая площадь:30,3 м²
Кухня:7,1 м²",Тип дома:кирпичный,Этаж / Этажей в доме:4/5,"
Водоснабжение:горячая вода            ","
Санузел:совмещенный            ","
Балкон: балкон                ","Ремонт: косметический
                ",https://media1.moyareklama.by/i/p/770x576/202210/20221025161440_5a368846e6692a916d7cd63b8a336d27.jpg,"['https://media1.moyareklama.by/i/p/148x111/202210/20221025161440_5a368846e6692a916d7cd63b8a336d27.jpg', 'https://media1.moyareklama.by/i/p/148x111/202210/20221025161440_f3d2d13bcb200d67c4e7055e5999111a.jpg', 'https://media1.moyareklama.by/i/p/148x111/202210/20221025161440_584fd1fb35998efc1673baaec37c0641.jpg', 'https://media1.moyareklama.by/i/p/148x111/202210/20221025161440_91c1249e4dd02c004fd23a8ce3a95f81.jpg', 'https://media1.moyareklama.by/i/p/148x111/202210/20221025161440_deb505274fb62f3e51c3c814df979808.jpg', 'https://media1.moyareklama.by/i/p/148x111/202210/20221025161440_f5b960b70a246b699a35a65fffa7fcd2.jpg', 'https://media1.moyareklama.by/i/p/148x111/202210/20221025161440_cf411c14f7244337a41babb37fb27f6f.jpg', 'https://media1.moyareklama.by/i/p/148x111/202210/20221025161440_9484343f16d763aae7c8afdc0d6f74b1.jpg', 'https://media1.moyareklama.by/i/p/148x111/202210/20221025161441_c0f29ed65917656b22e95a95c2307e10.jpg', 'https://media1.moyareklama.by/i/p/148x111/202210/20221025161441_eb7d0ff422e838427801d5782c56d83f.jpg']"
5,6,210862289,https://www.moyareklama.by/single/ad/210862289,"3-ком. квартира 112 м², 3/6 эт.",,,,,"Железнодорожный р-н, ул. Ленина, д. 51 (Дом Комунны)","Общая площадь:112 м²
Жилая площадь:61 м²
Кухня:14 м²",Тип дома:кирпичный,Этаж / Этажей в доме:3/6,"
Водоснабжение:горячая вода            ","
Санузел:2 санузла            ","
Балкон: балкон                ","Ремонт: дизайнерский
                ",https://media1.moyareklama.by/i/p/770x576/202210/20221027065125_476e4d58457da48830fb3f473b1d2be7.jpg,"['https://media1.moyareklama.by/i/p/148x111/202210/20221027065125_476e4d58457da48830fb3f473b1d2be7.jpg', 'https://media1.moyareklama.by/i/p/148x111/202210/20221027065125_d13ebc91d6bcc7a7d4c6e19c8fd4e47c.jpg', 'https://media1.moyareklama.by/i/p/148x111/202210/20221027065126_1df105893bfd72877d5d71b8a5a2ba6f.jpg', 'https://media1.moyareklama.by/i/p/148x111/202211/20221102100941_3d3dc1e6ffe09e04e9e03e81f23f51ed.jpg', 'https://media1.moyareklama.by/i/p/148x111/202210/20221027065124_b7a2710d1c6739f7557d341de8562c69.jpg', 'https://media1.moyareklama.by/i/p/148x111/202210/20221027065125_4403bb313679319f5a491d4582c59848.jpg', 'https://media1.moyareklama.by/i/p/148x111/202210/20221027065125_09719f489dc8c16a8bbb88a4fcbc7fe5.jpg', 'https://media1.moyareklama.by/i/p/148x111/202210/20221027065125_064c61400e59411d1ecd0b96f2b358cf.jpg', 'https://media1.moyareklama.by/i/p/148x111/202210/20221027065126_9c2b7d492edcab7cdbedfc3b694be624.jpg', 'https://media1.moyareklama.by/i/p/148x111/202210/20221027065126_62c43662cf06bc34dfadd4a56bdd2e90.jpg', 'https://media1.moyareklama.by/i/p/148x111/202210/20221027065126_6fc63bd7f3103014c62fe1dafcb38a97.jpg', 'https://media1.moyareklama.by/i/p/148x111/202210/20221027065125_fe1bc3a56bb0e82245e03847c93d56f2.jpg', 'https://media1.moyareklama.by/i/p/148x111/202210/20221027065125_138d7b445b99a52d45174b617b6cf8d7.jpg', 'https://media1.moyareklama.by/i/p/148x111/202210/20221027065126_b52d76ed1da060ff70bd4c04e0466afe.jpg', 'https://media1.moyareklama.by/i/p/148x111/202210/20221027065126_1e9115de8cb7a54b4e377434476f6e05.jpg', 'https://media1.moyareklama.by/i/p/148x111/202210/20221027065125_09719f489dc8c16a8bbb88a4fcbc7fe5.jpg', 'https://media1.moyareklama.by/i/p/148x111/202210/20221027065126_7b936286349af6f0a26c3cc6731bb883.jpg', 'https://media1.moyareklama.by/i/p/148x111/202210/20221027065126_1f2d22145c3a5596561aee0439b4b6b4.jpg', 'https://media1.moyareklama.by/i/p/148x111/202210/20221027065126_85d324ee775efcd59d60a145dbeec979.jpg', 'https://media1.moyareklama.by/i/p/148x111/202210/20221027065126_3b1e3fb72e40d3493c0e4eaf11083319.jpg']"
6,7,210863628,https://www.moyareklama.by/single/ad/210863628,"1-ком. квартира 38 м², 1/3 эт.",,,,,"Гомельский р-н, аг. Урицкое, ул. Парковая, д. 7","Общая площадь:38 м²
Жилая площадь:17 м²
Кухня:10 м²",Тип дома:кирпичный,Этаж / Этажей в доме:1/3,"
Водоснабжение:котёл            ","
Санузел:раздельный            ","
Балкон: лоджия                ","Ремонт: косметический
                ",https://media1.moyareklama.by/i/p/770x576/202211/20221104111859_6e480d96aa6d78427b32a02f2844c93f.jpg,"['https://media1.moyareklama.by/i/p/148x111/202211/20221104111859_6e480d96aa6d78427b32a02f2844c93f.jpg', 'https://media1.moyareklama.by/i/p/148x111/202210/20221028141434_ae52fc19660aa44311675c25faf23f13.jpg', 'https://media1.moyareklama.by/i/p/148x111/202211/20221104111858_8a1e4a9e9dcc19367a8dc9490b7244fa.jpg', 'https://media1.moyareklama.by/i/p/148x111/202211/20221104111859_e050e9389328e770b4a7597950ffbe2a.jpg', 'https://media1.moyareklama.by/i/p/148x111/202211/20221104111858_65d3bcbac0b272243a2a9069f5cd16d5.jpg', 'https://media1.moyareklama.by/i/p/148x111/202211/20221104111858_64b61a2351b4dd34c26d0c9276cc79a1.jpg', 'https://media1.moyareklama.by/i/p/148x111/202211/20221104111859_140273b05d364c0f45934c37c79be750.jpg', 'https://media1.moyareklama.by/i/p/148x111/202211/20221104111859_1c4385f0ae9a7be28eb80a865dab97c9.jpg', 'https://media1.moyareklama.by/i/p/148x111/202211/20221104111859_cfeacad6f043ac274b7c7230723e8d97.jpg', 'https://media1.moyareklama.by/i/p/148x111/202211/20221104111900_1c1af7a49e54fb2e958ba7acda9710f1.jpg', 'https://media1.moyareklama.by/i/p/148x111/202211/20221104111900_92f4a4075b66084141531ded2be05c7c.jpg', 'https://media1.moyareklama.by/i/p/148x111/202211/20221104111859_e1d88e2d14d4b1dcb84c31678978229e.jpg', 'https://media1.moyareklama.by/i/p/148x111/202211/20221104111900_add5bdbbc5438d0d9a1382abbbc0267d.jpg', 'https://media1.moyareklama.by/i/p/148x111/202211/20221104111900_944c63acf35d1d2c35e4407d1cf6f4cd.jpg', 'https://media1.moyareklama.by/i/p/148x111/202211/20221104111900_0ad0dd4d87e4c9820766887e51bb47df.jpg', 'https://media1.moyareklama.by/i/p/148x111/202211/20221104111900_8f257a0f3dd435c3d7566b59053a8a02.jpg', 'https://media1.moyareklama.by/i/p/148x111/202211/20221104111900_7f336de8ee9417ac4a4737d308152167.jpg', 'https://media1.moyareklama.by/i/p/148x111/202211/20221104111900_87ab3efc2b45155ba900d426424c5be1.jpg', 'https://media1.moyareklama.by/i/p/148x111/202211/20221104111900_1098e35ab07d9202186d0ee0cb68cfa8.jpg', 'https://media1.moyareklama.by/i/p/148x111/202211/20221104111900_f8913e47c84f8a32735c9cf86aaa49f6.jpg']"
7,8,210861391,https://www.moyareklama.by/single/ad/210861391,"2-ком. квартира 55,9 м², 2/10 эт.",2.0,559.0,2.0,10.0,"Советский р-н, ул. Г.Денисенко, д. 48","Общая площадь:55,9 м²
Жилая площадь:32,1 м²
Кухня:10,7 м²",Тип дома:панельный,Этаж / Этажей в доме:2/10,"
Водоснабжение:горячая вода            ","
Санузел:раздельный            ","
Балкон: лоджия                ",,http://img.youtube.com/vi/Qs2cAaG04ok/hqdefault.jpg,
8,9,210862179,https://www.moyareklama.by/single/ad/210862179,"3-ком. квартира 79,9 м², 2/10 эт.",3.0,799.0,2.0,10.0,"Центральный р-н, ул. Тельмана, д. 3 (Новый универмаг)","Общая площадь:79,9 м²
Жилая площадь:43 м²
Кухня:12,2 м²",Тип дома:блочный,Этаж / Этажей в доме:2/10,"
Водоснабжение:горячая вода            ","
Санузел:совмещенный            ","
Балкон: лоджия                ","Ремонт: дизайнерский
                ",https://media1.moyareklama.by/i/p/770x576/202210/20221026165340_087f70ef1323b1d96f87fe05f033884d.jpg,"['https://media1.moyareklama.by/i/p/148x111/202210/20221026165340_087f70ef1323b1d96f87fe05f033884d.jpg', 'https://media1.moyareklama.by/i/p/148x111/202210/20221026165340_ac231c11a4d2ad68d022510eecc6de08.jpg', 'https://media1.moyareklama.by/i/p/148x111/202210/20221026165340_f518cc9aaafffeb11647aaef394e82e4.jpg', 'https://media1.moyareklama.by/i/p/148x111/202210/20221026165340_7c85075b93c4c5fb36570cafc6758083.jpg', 'https://media1.moyareklama.by/i/p/148x111/202210/20221026165340_9687062c383ff2d092c672b815da6b0b.jpg', 'https://media1.moyareklama.by/i/p/148x111/202210/20221026165340_0fad0afff074933a7d1fc7cf33883bb1.jpg', 'https://media1.moyareklama.by/i/p/148x111/202210/20221026165341_0bb987c86d28091800d836f36380a188.jpg', 'https://media1.moyareklama.by/i/p/148x111/202210/20221026165341_276113298c715a587990896d2bfc5313.jpg', 'https://media1.moyareklama.by/i/p/148x111/202210/20221026165341_a0f81c4e98bdc00a7cf9c67f74998614.jpg', 'https://media1.moyareklama.by/i/p/148x111/202210/20221026165341_90e3040670e326a9729fb0c467583d50.jpg', 'https://media1.moyareklama.by/i/p/148x111/202210/20221026165341_60c614af81604a925dd9727692fa397f.jpg', 'https://media1.moyareklama.by/i/p/148x111/202210/20221026165341_55753cdb3b560e82aa969414efb2a26f.jpg', 'https://media1.moyareklama.by/i/p/148x111/202210/20221026165341_83c2ec4446249cf2c8d0def7f8beb74c.jpg', 'https://media1.moyareklama.by/i/p/148x111/202210/20221026165341_be2bcb531ae1c76936ebe190ce1f46a6.jpg', 'https://media1.moyareklama.by/i/p/148x111/202210/20221026165341_4f86cc88721f38655da0a3efe406eb7f.jpg', 'https://media1.moyareklama.by/i/p/148x111/202210/20221026165341_68703df604ec387e26dbd963cb74ef58.jpg', 'https://media1.moyareklama.by/i/p/148x111/202210/20221026165341_3fe8396cf1d484c8e77976448ba9d7d9.jpg', 'https://media1.moyareklama.by/i/p/148x111/202210/20221026165341_d89dc25ccf598396f742883c7cbdb4f1.jpg', 'https://media1.moyareklama.by/i/p/148x111/202210/20221026165341_dccefaafde6069516a29733f90846133.jpg', 'https://media1.moyareklama.by/i/p/148x111/202210/20221026165341_5bd61f0062fb5bcf6cb57fc77f496a19.jpg']"
9,10,210871652,https://www.moyareklama.by/single/ad/210871652,"3-ком. квартира 78,9 м², 4/5 эт.",3.0,789.0,4.0,5.0,"Центральный р-н, пр-т Ленина, д. 22 (остановка ""Карповича"")","Общая площадь:78,9 м²
Жилая площадь:46,8 м²
Кухня:10,5 м²",Тип дома:кирпичный,Этаж / Этажей в доме:4/5,"
Водоснабжение:горячая вода            ","
Санузел:раздельный            ","
Балкон: два балкона                ","Ремонт: евроремонт
                ",https://media1.moyareklama.by/i/p/770x576/202211/20221111133345_bcaf843b4b13427d16e96b7ce404489d.jpg,"['https://media1.moyareklama.by/i/p/148x111/202211/20221111133345_bcaf843b4b13427d16e96b7ce404489d.jpg', 'https://media1.moyareklama.by/i/p/148x111/202211/20221111133345_842f0974adfbf5280b5b266692844f5d.jpg', 'https://media1.moyareklama.by/i/p/148x111/202211/20221111133345_59b11b5997ae51d101961883da2221a5.jpg', 'https://media1.moyareklama.by/i/p/148x111/202211/20221111133345_1d6b9d0407b95926f8ab348605386f76.jpg', 'https://media1.moyareklama.by/i/p/148x111/202211/20221111133345_fed64e2a63d5d956081050f88a5d5dab.jpg', 'https://media1.moyareklama.by/i/p/148x111/202211/20221111133345_797f0dd40f94adc77ce295291ba1b802.jpg', 'https://media1.moyareklama.by/i/p/148x111/202211/20221111133344_b780b6cc9ee763f252408c00625f302c.jpg', 'https://media1.moyareklama.by/i/p/148x111/202211/20221111133344_c5ca463f693c4370afaf48cbbb017efe.jpg', 'https://media1.moyareklama.by/i/p/148x111/202211/20221111133345_ebdd7ce1d84aeb4306a2ae9957de71f9.jpg', 'https://media1.moyareklama.by/i/p/148x111/202211/20221111133345_fc3b4e245df26748cf3f51e971768753.jpg', 'https://media1.moyareklama.by/i/p/148x111/202211/20221111133344_7242f5ee4c79c58f805d9805e39a2cef.jpg', 'https://media1.moyareklama.by/i/p/148x111/202211/20221111133345_08a410b360b8c0fae9ee09f0fc450c5b.jpg', 'https://media1.moyareklama.by/i/p/148x111/202211/20221111133345_bb70642a8068fd12d40a6f41970ceb76.jpg', 'https://media1.moyareklama.by/i/p/148x111/202211/20221111133345_29474f4a2c6ff4bfe0294308780f68f2.jpg', 'https://media1.moyareklama.by/i/p/148x111/202211/20221111133345_447355c198f0b406ba176d0d27cc6618.jpg', 'https://media1.moyareklama.by/i/p/148x111/202211/20221111133345_c919e35bd8523fe6751d96801b380520.jpg']"
10,11,210866470,https://www.moyareklama.by/single/ad/210866470,"4-ком. квартира 63,3 м², 5/5 эт.",4.0,633.0,5.0,5.0,"Советский р-н, ул. Б.Хмельницкого, д. 64","Общая площадь:63,3 м²
Жилая площадь:46,1 м²
Кухня:6,4 м²",Тип дома:кирпичный,Этаж / Этажей в доме:5/5,"
Водоснабжение:горячая вода            ","
Санузел:совмещенный            ","
Балкон: балкон                ","Ремонт: капитальный
                ",https://media1.moyareklama.by/i/p/770x576/202211/20221102105944_678d4a9d938f63771d3fa4887fee1e85.jpg,"['https://media1.moyareklama.by/i/p/148x111/202211/20221102105944_678d4a9d938f63771d3fa4887fee1e85.jpg', 'https://media1.moyareklama.by/i/p/148x111/202211/20221102105944_21e94e8ae591156014738c21c4884553.jpg', 'https://media1.moyareklama.by/i/p/148x111/202211/20221102105944_f44827757a08c7e0df4d204a4e9c1429.jpg', 'https://media1.moyareklama.by/i/p/148x111/202211/20221102105944_ab0e0f479370ace02b40f7c545c5b3aa.jpg', 'https://media1.moyareklama.by/i/p/148x111/202211/20221102105944_ee8b9730148235d5710ceb8108c797ba.jpg', 'https://media1.moyareklama.by/i/p/148x111/202211/20221102105944_9c12bf285093d7270575ebf1cf158b7d.jpg', 'https://media1.moyareklama.by/i/p/148x111/202211/20221102105944_d5a49b135a76c7e29c11979f4071ab13.jpg', 'https://media1.moyareklama.by/i/p/148x111/202211/20221102105945_dcc274093dd3a0fe54c78a7f9f5c9659.jpg', 'https://media1.moyareklama.by/i/p/148x111/202211/20221102105944_8803cd4f262de893eaa308174c72cd51.jpg', 'https://media1.moyareklama.by/i/p/148x111/202211/20221102105944_fed5e0c8e55eb0e429cdbe001150c1c0.jpg']"
11,12,210874044,https://www.moyareklama.by/single/ad/210874044,"2-ком. квартира 41,4 м², 1/5 эт.",2.0,414.0,1.0,5.0,"Советский р-н, пр-т Речицкий, д. 4б","Общая площадь:41,4 м²
Жилая площадь:26 м²
Кухня:6,1 м²",Тип дома:панельный,Этаж / Этажей в доме:1/5,"
Водоснабжение:горячая вода            ","
Санузел:раздельный            ","
Балкон: балкон                ","Ремонт: косметический
                ",https://media1.moyareklama.by/i/p/770x576/202211/20221115144855_35eee8c8ea537cea1ae8c71b98afa283.jpg,"['https://media1.moyareklama.by/i/p/148x111/202211/20221115144855_35eee8c8ea537cea1ae8c71b98afa283.jpg', 'https://media1.moyareklama.by/i/p/148x111/202211/20221115101316_a6dbdf1729ee061aff81addd81b63f12.jpg', 'https://media1.moyareklama.by/i/p/148x111/202211/20221115101316_9638a2815bce1367c2ca0fb4b8321b28.jpg', 'https://media1.moyareklama.by/i/p/148x111/202211/20221115101316_edd0f21832459bf6d80ae1549a9aa1ba.jpg', 'https://media1.moyareklama.by/i/p/148x111/202211/20221115101316_f031c90b3ea37e1cd6dbb7cdc2852f9d.jpg', 'https://media1.moyareklama.by/i/p/148x111/202211/20221115101316_f007d8ec53c26247b415944111bf907e.jpg', 'https://media1.moyareklama.by/i/p/148x111/202211/20221115101316_c748e43a206d48652ede81a52a4f377b.jpg', 'https://media1.moyareklama.by/i/p/148x111/202211/20221115101316_ba5ab5541c8aa0bbea219c07182cb3ce.jpg', 'https://media1.moyareklama.by/i/p/148x111/202211/20221115101316_7dcef2dafec76f9732853bdd1a0bc9b0.jpg', 'https://media1.moyareklama.by/i/p/148x111/202211/20221115101316_0c0b914eec7bc1f52306a6c54622242c.jpg', 'https://media1.moyareklama.by/i/p/148x111/202211/20221115101316_962b0716d82f07dacc307648c0051b9d.jpg', 'https://media1.moyareklama.by/i/p/148x111/202211/20221115101316_6df4c9cbcf762cc54dc34e6e35eb8399.jpg']"
12,13,210868155,https://www.moyareklama.by/single/ad/210868155,"1-ком. квартира 35,8 м², 10/16 эт.",1.0,358.0,10.0,16.0,"Советский р-н, ул. 60 лет СССР, д. 1 (остановка ""Жукова"")","Общая площадь:35,8 м²
Жилая площадь:18,2 м²
Кухня:8,2 м²",Тип дома:кирпичный,Этаж / Этажей в доме:10/16,"
Водоснабжение:горячая вода            ","
Санузел:совмещенный            ","
Балкон: лоджия                ","Ремонт: косметический
                ",https://media1.moyareklama.by/i/p/770x576/202211/20221109132025_45e8d380432a46bcb23cc0696f487ecd.jpg,"['https://media1.moyareklama.by/i/p/148x111/202211/20221109132025_45e8d380432a46bcb23cc0696f487ecd.jpg', 'https://media1.moyareklama.by/i/p/148x111/202211/20221109132024_c08e882b297beca97dc0ebdeb771fb27.jpg', 'https://media1.moyareklama.by/i/p/148x111/202211/20221109132024_e18951d72355c9ebed2f306720a3f018.jpg', 'https://media1.moyareklama.by/i/p/148x111/202211/20221108123855_2e9b51e71acc20807a2ccfd7cb2fec9d.jpg', 'https://media1.moyareklama.by/i/p/148x111/202211/20221108123855_e79ae860d5e597933b603fa9ffd2a354.jpg', 'https://media1.moyareklama.by/i/p/148x111/202211/20221108123856_36e46352ef07e256480f7abac4d9617f.jpg', 'https://media1.moyareklama.by/i/p/148x111/202211/20221109132024_780b18f952c769cf2d56ded3715b8623.jpg', 'https://media1.moyareklama.by/i/p/148x111/202211/20221109132024_d2d87d58406a03430e471455e436a2b8.jpg', 'https://media1.moyareklama.by/i/p/148x111/202211/20221109132025_0eb3656ca32fd36dfbefb885ec9432b2.jpg', 'https://media1.moyareklama.by/i/p/148x111/202211/20221109132024_f31de3f435a7301a50e7dafafcbec37a.jpg', 'https://media1.moyareklama.by/i/p/148x111/202211/20221109132024_8321ca1159f6aba069cd83a9741de87e.jpg', 'https://media1.moyareklama.by/i/p/148x111/202211/20221109132025_3f6b034b918f45326f3c360f516ac335.jpg', 'https://media1.moyareklama.by/i/p/148x111/202211/20221118115430_9b2abeab6832a46b2ef99dbaf4414a64.jpg']"
13,14,210872412,https://www.moyareklama.by/single/ad/210872412,"1-ком. квартира 30,7 м², 1/5 эт.",1.0,307.0,1.0,5.0,"Железнодорожный р-н, ул. Курчатова, д. 7а","Общая площадь:30,7 м²
Жилая площадь:19 м²
Кухня:5,8 м²",Тип дома:панельный,Этаж / Этажей в доме:1/5,"
Водоснабжение:горячая вода            ","
Санузел:совмещенный            ","
Балкон: нет                ","Ремонт: косметический
                ",https://media1.moyareklama.by/i/p/770x576/202211/20221111153802_ea80b36a644b305558d5a5793e0bc86e.jpg,"['https://media1.moyareklama.by/i/p/148x111/202211/20221111153802_ea80b36a644b305558d5a5793e0bc86e.jpg', 'https://media1.moyareklama.by/i/p/148x111/202211/20221111153803_e33cd1effb8b1ce8eebcb1915b456f80.jpg', 'https://media1.moyareklama.by/i/p/148x111/202211/20221111153803_1b398a15c8bf43fe572e81afe9e4e913.jpg', 'https://media1.moyareklama.by/i/p/148x111/202211/20221111153803_bc5ab6f853322da533a6d2dd49a7499d.jpg', 'https://media1.moyareklama.by/i/p/148x111/202211/20221111153803_312b6a642ebaa31d2129b46a8cdcd831.jpg', 'https://media1.moyareklama.by/i/p/148x111/202211/20221111153803_eb6eab496fb2352a8ddb184e15b5669c.jpg', 'https://media1.moyareklama.by/i/p/148x111/202211/20221111153803_37f4f6ab52622d6273d48effddf3351f.jpg']"
14,15,210881685,https://www.moyareklama.by/single/ad/210881685,"2-ком. квартира 51,5 м², 2/9 эт.",2.0,515.0,2.0,9.0,"Центральный р-н, ул. Мазурова, д. 18","Общая площадь:51,5 м²
Жилая площадь:29 м²
Кухня:9,4 м²",Тип дома:панельный,Этаж / Этажей в доме:2/9,,"
Санузел:раздельный            ","
Балкон: лоджия                ","Ремонт: косметический
                ",http://img.youtube.com/vi/8zLoVdhzB5Y/hqdefault.jpg,
15,16,210880538,https://www.moyareklama.by/single/ad/210880538,"2-ком. квартира 54 м², 3/5 эт.",,,,,"Центральный р-н, ул. Рогачёвская, д. 4","Общая площадь:54 м²
Жилая площадь:31,4 м²
Кухня:9,1 м²",Тип дома:кирпичный,Этаж / Этажей в доме:3/5,,"
Санузел:раздельный            ","
Балкон: балкон                ",,https://media1.moyareklama.by/i/p/770x576/202211/20221124123845_c23e8b0f5755843f1396a9e36193762c.jpg,"['https://media1.moyareklama.by/i/p/148x111/202211/20221124123845_c23e8b0f5755843f1396a9e36193762c.jpg', 'https://media1.moyareklama.by/i/p/148x111/202211/20221130115013_58d33ef6c14c0561563a905e8283517b.jpg', 'https://media1.moyareklama.by/i/p/148x111/202211/20221130115013_b493c5e57073c042d347dce0ef1b4970.jpg', 'https://media1.moyareklama.by/i/p/148x111/202211/20221130115013_5d0d04905c0787bf6047e7492acd4406.jpg', 'https://media1.moyareklama.by/i/p/148x111/202211/20221130115013_3c56663f4fe6b871f188884c82f97ded.jpg']"
16,17,210880828,https://www.moyareklama.by/single/ad/210880828,"1-ком. квартира 36,9 м², 11/11 эт.",1.0,369.0,11.0,11.0,"Советский р-н, ул. Пенязькова, д. 55Б","Общая площадь:36,9 м²
Жилая площадь:29,6 м²",Тип дома:панельный,Этаж / Этажей в доме:11/11,"
Водоснабжение:горячая вода            ","
Санузел:совмещенный            ","
Балкон: балкон                ","Ремонт: черновая отделка
                ",https://media1.moyareklama.by/i/p/770x576/202211/20221129193554_00e4a2b1d0b2c14b06fdc782da68b78a.jpg,"['https://media1.moyareklama.by/i/p/148x111/202211/20221129193554_00e4a2b1d0b2c14b06fdc782da68b78a.jpg', 'https://media1.moyareklama.by/i/p/148x111/202211/20221129193552_e77766a65663c92747ab43f79ab02b25.jpg', 'https://media1.moyareklama.by/i/p/148x111/202211/20221129193555_3ba5947293e3d796a4db05e910db69b5.jpg', 'https://media1.moyareklama.by/i/p/148x111/202211/20221129193552_68b9a955bb455fe8255647da29ecda77.jpg', 'https://media1.moyareklama.by/i/p/148x111/202211/20221129193553_8bb6e84d0aed7dadd258c0291f809399.jpg', 'https://media1.moyareklama.by/i/p/148x111/202211/20221129193552_0776b2295e26584588c2595243af1e8d.jpg', 'https://media1.moyareklama.by/i/p/148x111/202211/20221129193553_334ce50437e27297cf3f1798b97691da.jpg', 'https://media1.moyareklama.by/i/p/148x111/202211/20221129193555_9e9ef53ba70d392c56ae9c4744f0abab.jpg', 'https://media1.moyareklama.by/i/p/148x111/202211/20221129193555_8b093ec40bbd535befd59f5334ecf730.jpg', 'https://media1.moyareklama.by/i/p/148x111/202211/20221129193554_bc453776ca869f8a1d49da7bd7350057.jpg', 'https://media1.moyareklama.by/i/p/148x111/202211/20221129193554_294ec705969119f122869398e5427d6c.jpg', 'https://media1.moyareklama.by/i/p/148x111/202211/20221129193554_a4fde2d503d14aa270b121b2128e1072.jpg', 'https://media1.moyareklama.by/i/p/148x111/202211/20221129193554_08b6b0324671f41ec571526f7bf0e365.jpg', 'https://media1.moyareklama.by/i/p/148x111/202211/20221129193553_570b86d3286a1de9ddaf51be7aaa5c9c.jpg', 'https://media1.moyareklama.by/i/p/148x111/202211/20221129193554_e0c7fd7d8ea7d4cf7bd17920cf19dae0.jpg']"
17,18,210882875,https://www.moyareklama.by/single/ad/210882875,"3-ком. квартира 65,3 м², 4/9 эт.",3.0,653.0,4.0,9.0,"Новобелицкий р-н, ул. Герцена (Международная)","Общая площадь:65,3 м²
Жилая площадь:62,6 м²
Кухня:7,5 м²",Тип дома:кирпичный,Этаж / Этажей в доме:4/9,"
Водоснабжение:центр. в/снабж.            ","
Санузел:совмещенный            ","
Балкон: балкон                ","Ремонт: евроремонт
                ",https://media1.moyareklama.by/i/p/770x576/202211/20221128214622_a11f0484ada4fb8cc1d483d747bdb766.jpg,"['https://media1.moyareklama.by/i/p/148x111/202211/20221128214622_a11f0484ada4fb8cc1d483d747bdb766.jpg', 'https://media1.moyareklama.by/i/p/148x111/202211/20221128214622_7e9ff0c126728807873a38ecdd54d0dc.jpg', 'https://media1.moyareklama.by/i/p/148x111/202211/20221128214622_7f85fad0aa1c3fe90b64eba4f7766e66.jpg', 'https://media1.moyareklama.by/i/p/148x111/202211/20221128214622_e44726a02a8893580ceddc8901088e1a.jpg', 'https://media1.moyareklama.by/i/p/148x111/202211/20221128214622_2fe8cc0d8b4968403bc35d619de57c53.jpg', 'https://media1.moyareklama.by/i/p/148x111/202211/20221128214622_fe40d7898d87392ea43d1a40f1c80c7f.jpg', 'https://media1.moyareklama.by/i/p/148x111/202211/20221128214622_ad6e523da02d8b70c288385ef2874122.jpg', 'https://media1.moyareklama.by/i/p/148x111/202211/20221128214621_fbfc987fc2251c3152c4985e7d630ba2.jpg', 'https://media1.moyareklama.by/i/p/148x111/202211/20221128214622_1d0bbc6fce58d59976ba47719ad92b4a.jpg', 'https://media1.moyareklama.by/i/p/148x111/202211/20221128214621_c4373f1e73e410e14fb4a0a472372414.jpg', 'https://media1.moyareklama.by/i/p/148x111/202211/20221128214622_fd193496cb787e76fcfd18d10879f9e3.jpg']"
18,19,210885545,https://www.moyareklama.by/single/ad/210885545,"3-ком. квартира 63,6 м², 1/9 эт.",3.0,636.0,1.0,9.0,"Центральный р-н, пр-д Интернациональный, д. 6","Общая площадь:63,6 м²
Жилая площадь:40,3 м²
Кухня:8,4 м²",Тип дома:панельный,Этаж / Этажей в доме:1/9,"
Водоснабжение:горячая вода            ","
Санузел:раздельный            ","
Балкон: 2 лоджии заст.                ","Ремонт: косметический
                ",https://media1.moyareklama.by/i/p/770x576/202212/20221205142523_029d256bb58317967000bdb003752d26.jpg,"['https://media1.moyareklama.by/i/p/148x111/202212/20221205142523_029d256bb58317967000bdb003752d26.jpg', 'https://media1.moyareklama.by/i/p/148x111/202212/20221201172928_d5f958e9ca53f7e4daa69b23934de68b.jpg', 'https://media1.moyareklama.by/i/p/148x111/202212/20221201172928_4f78e9c1359322bf7911af231e59b6e2.jpg', 'https://media1.moyareklama.by/i/p/148x111/202212/20221201172928_3f7669304ffa01f5c5300f3a52d4f935.jpg', 'https://media1.moyareklama.by/i/p/148x111/202212/20221201172928_fdc416b14dd2465597aeb17e1075ad20.jpg', 'https://media1.moyareklama.by/i/p/148x111/202212/20221205142523_30a8968fec8d59fe0f10c520560194fd.jpg', 'https://media1.moyareklama.by/i/p/148x111/202212/20221205142523_ae0a04380bfe1cd182c736c76bef101b.jpg']"
19,20,210878073,https://www.moyareklama.by/single/ad/210878073,"Студия 76,2 м², 18/18 эт.",,,,,"Железнодорожный р-н, ул. Бородина, д. 6а","Общая площадь:76,2 м²
Жилая площадь:73,6 м²",Тип дома:монолитный,Этаж / Этажей в доме:18/18,"
Водоснабжение:горячая вода            ","
Санузел:раздельный            ","
Балкон: балкон                ",,https://media1.moyareklama.by/i/p/770x576/202211/20221121161554_750f3b47317e7c632333255d92491e6d.jpg,"['https://media1.moyareklama.by/i/p/148x111/202211/20221121161554_750f3b47317e7c632333255d92491e6d.jpg', 'https://media1.moyareklama.by/i/p/148x111/202211/20221121161555_606129def4f8684b25784122ea24caf0.jpg', 'https://media1.moyareklama.by/i/p/148x111/202211/20221121161555_deb55b88ede357a4948ba4a20ce7a6f4.jpg', 'https://media1.moyareklama.by/i/p/148x111/202211/20221121161554_615510222a83db87343efef119a3d645.jpg', 'https://media1.moyareklama.by/i/p/148x111/202211/20221121161555_45024f9ddec2ab99f1f2d33b09259bf7.jpg', 'https://media1.moyareklama.by/i/p/148x111/202211/20221121161554_f2bd28f6bc43fa8b84a45f798549fc15.jpg', 'https://media1.moyareklama.by/i/p/148x111/202211/20221121163337_87f895cad73ebdfaf564b7771c29dd30.jpg', 'https://media1.moyareklama.by/i/p/148x111/202211/20221121163337_1ee1c9e223f603dd1604b208e102fa07.jpg', 'https://media1.moyareklama.by/i/p/148x111/202211/20221121161554_92d92f8fc13ba823d35043d51de7b039.jpg']"
